timestamp,carbon_intensity,renewable_percentage,fossil_fuel_percentage,grid_price_per_kwh,is_peak_hour,is_weekend
2025-12-27 10:21:58.299096,503.45832455144887,49.42361257475852,50.57638742524148,6.623350906244513,True,True
2025-12-27 11:21:58.299096,470.12187653222594,54.979687244629005,45.020312755370995,6.343352263296897,False,True
2025-12-27 12:21:58.299096,457.2236973857146,57.12938376904757,42.87061623095243,5.622769200583179,False,True
2025-12-27 13:21:58.299096,402.8873455022851,66.18544241628581,33.81455758371419,5.4577054088405745,False,True
2025-12-27 14:21:58.299096,410.08703396813706,64.98549433864382,35.01450566135618,4.95471342748154,False,True
2025-12-27 15:21:58.299096,458.0873544514773,56.985440924753775,43.014559075246225,6.016883671316873,False,True
2025-12-27 16:21:58.299096,499.23123050725724,50.12812824879046,49.87187175120954,5.968365505427849,False,True
2025-12-27 17:21:58.299096,523.1818872967789,46.136352117203515,53.863647882796485,6.254174602186823,False,True
2025-12-27 18:21:58.299096,564.4967884475028,39.25053525874953,60.74946474125047,6.022868362909351,True,True
2025-12-27 19:21:58.299096,555.9781850395824,40.67030249340293,59.32969750659707,6.3506257487421856,True,True
2025-12-27 20:21:58.299096,568.6198712621233,38.56335478964612,61.43664521035388,6.676957291708773,True,True
2025-12-27 21:21:58.299096,560.7833867302307,39.86943554496154,60.13056445503846,6.6536322725220405,True,True
2025-12-27 22:21:58.299096,567.6684513820148,38.7219247696642,61.2780752303358,7.1307843232765515,True,True
2025-12-27 23:21:58.299096,562.5589086497514,39.57351522504143,60.42648477495857,5.803854753981952,False,True
2025-12-28 00:21:58.299096,446.0315791047793,58.994736815870105,41.005263184129895,5.800020376909718,False,True
2025-12-28 01:21:58.299096,497.7006584066484,50.38322359889194,49.61677640110806,5.042832008617404,False,True
2025-12-28 02:21:58.299096,514.6770943419,47.553817609683335,52.446182390316665,5.91485064448696,False,True
2025-12-28 03:21:58.299096,548.1605845452068,41.9732359091322,58.0267640908678,6.601258448970947,False,True
2025-12-28 04:21:58.299096,533.147287168518,44.47545213858033,55.52454786141967,6.455779232566778,False,True
2025-12-28 05:21:58.299096,472.2642892760735,54.62261845398775,45.37738154601225,5.098823816909888,False,True
2025-12-28 06:21:58.299096,539.7955659200915,43.36740567998476,56.63259432001524,6.939504511075795,True,True
2025-12-28 07:21:58.299096,534.050700538385,44.32488324360251,55.67511675639749,6.133396401841989,True,True
2025-12-28 08:21:58.299096,541.9358946264358,43.01068422892737,56.98931577107263,6.2143088688358885,True,True
2025-12-28 09:21:58.299096,542.7291390228115,42.87847682953141,57.12152317046859,6.4583995248275645,True,True
2025-12-28 10:21:58.299096,501.07725424654177,49.820457625576374,50.179542374423626,6.797628994745678,True,True
2025-12-28 11:21:58.299096,472.0386020640141,54.66023298933098,45.33976701066902,4.755395604365909,False,True
2025-12-28 12:21:58.299096,433.7587760407015,61.040203993216416,38.959796006783584,5.0297202674480825,False,True
2025-12-28 13:21:58.299096,454.80692614932883,57.53217897511187,42.46782102488813,5.639917914020971,False,True
2025-12-28 14:21:58.299096,409.9053145860417,65.01578090232638,34.984219097673616,5.28448833932362,False,True
2025-12-28 15:21:58.299096,473.8304046820207,54.36159921966321,45.63840078033679,6.189336148094368,False,True
2025-12-28 16:21:58.299096,498.7630519782669,50.20615800362218,49.79384199637782,5.794456143038642,False,True
2025-12-28 17:21:58.299096,544.6795236126995,42.553412731216746,57.446587268783254,6.872350287771241,False,True
2025-12-28 18:21:58.299096,570.0260439849795,38.328992669170084,61.671007330829916,6.816012893823881,True,True
2025-12-28 19:21:58.299096,569.1336309273039,38.47772817878269,61.52227182121731,7.1874905728011536,True,True
2025-12-28 20:21:58.299096,616.1232616338901,30.646123061018315,69.35387693898168,6.825391991719941,True,True
2025-12-28 21:21:58.299096,497.9341206570786,50.34431322382022,49.65568677617978,6.171300529184175,True,True
2025-12-28 22:21:58.299096,519.1472996264306,46.8087833955949,53.1912166044051,6.926205659487149,True,True
2025-12-28 23:21:58.299096,504.8045520861994,49.19924131896677,50.80075868103323,6.612430838971871,False,True
2025-12-29 00:21:58.299096,533.6124168169088,44.397930530515204,55.602069469484796,6.037919366309648,False,False
2025-12-29 01:21:58.299096,457.1668194238605,57.13886342935659,42.86113657064341,5.408436667460134,False,False
2025-12-29 02:21:58.299096,515.5926056197109,47.40123239671485,52.59876760328515,6.382777603142464,False,False
2025-12-29 03:21:58.299096,485.8055146560653,52.365747557322436,47.634252442677564,7.2607511072943725,False,False
2025-12-29 04:21:58.299096,517.1337183540842,47.14438027431931,52.85561972568069,5.6746844555805875,False,False
2025-12-29 05:21:58.299096,474.94748670806916,54.17541888198847,45.82458111801153,5.562623934893878,False,False
2025-12-29 06:21:58.299096,519.9315917300855,46.67806804498574,53.32193195501426,6.831444501546864,True,False
2025-12-29 07:21:58.299096,650.9114747091536,24.848087548474396,75.1519124515256,8.42683142472035,True,False
2025-12-29 08:21:58.299096,589.4127866414642,35.0978688930893,64.9021311069107,7.041260749554877,True,False
2025-12-29 09:21:58.299096,594.068890571082,34.32185157148634,65.67814842851365,6.674094571164338,True,False
2025-12-29 10:21:58.299096,555.3310396390449,40.77816006015919,59.22183993984081,7.618978070482406,True,False
2025-12-29 11:21:58.299096,550.5301711174473,41.57830481375879,58.42169518624121,6.732261612370223,False,False
2025-12-29 12:21:58.299096,434.5097724775709,60.91503792040485,39.08496207959515,5.785563847072024,False,False
2025-12-29 13:21:58.299096,463.73803090392005,56.04366151601332,43.95633848398668,5.402001375651719,False,False
2025-12-29 14:21:58.299096,392.3720472052256,67.9379921324624,32.0620078675376,4.7856819356275215,False,False
2025-12-29 15:21:58.299096,450.26751430134897,58.28874761644184,41.71125238355816,5.361140730226665,False,False
2025-12-29 16:21:58.299096,494.4376151848424,50.9270641358596,49.0729358641404,5.625417653354172,False,False
2025-12-29 17:21:58.299096,562.9684951196247,39.50525081339589,60.49474918660411,6.9458278320179705,False,False
2025-12-29 18:21:58.299096,594.7603799849215,34.20660333584641,65.79339666415359,7.7871502310793606,True,False
2025-12-29 19:21:58.299096,578.7793712129983,36.87010479783361,63.12989520216639,6.625912830862097,True,False
2025-12-29 20:21:58.299096,667.010152155257,22.164974640790515,77.83502535920948,7.045207852938794,True,False
2025-12-29 21:21:58.299096,599.9708649457552,33.338189175707456,66.66181082429254,6.611129586872631,True,False
2025-12-29 22:21:58.299096,520.9510479473585,46.50815867544026,53.49184132455974,6.203275057697934,True,False
2025-12-29 23:21:58.299096,520.6178498816228,46.563691686396204,53.436308313603796,6.5509623310974465,False,False
2025-12-30 00:21:58.299096,494.5454509143703,50.90909151427162,49.09090848572838,6.646383765137102,False,False
2025-12-30 01:21:58.299096,479.73100213874545,53.37816631020908,46.62183368979092,5.6525759549459424,False,False
2025-12-30 02:21:58.299096,537.7285802170009,43.71190329716652,56.28809670283348,6.71026250743827,False,False
2025-12-30 03:21:58.299096,508.493879989261,48.58435333512317,51.41564666487683,6.225051450418994,False,False
2025-12-30 04:21:58.299096,535.7930425345382,44.034492910910295,55.965507089089705,6.918118493493826,False,False
2025-12-30 05:21:58.299096,528.9714002766444,45.17143328722592,54.82856671277408,6.59024045449316,False,False
2025-12-30 06:21:58.299096,648.326958377387,25.27884027043551,74.72115972956449,7.209494990019926,True,False
2025-12-30 07:21:58.299096,615.2324233520696,30.794596107988394,69.2054038920116,7.734150227384774,True,False
2025-12-30 08:21:58.299096,556.896336392747,40.51727726787549,59.48272273212451,6.402298580766631,True,False
2025-12-30 09:21:58.299096,640.4214637426344,26.59642270956094,73.40357729043906,6.75804515215709,True,False
2025-12-30 10:21:58.299096,545.8016641172985,42.36638931378358,57.63361068621642,6.117969282707767,True,False
2025-12-30 11:21:58.299096,540.7605016974006,43.20658305043323,56.79341694956677,5.861553749985879,False,False
2025-12-30 12:21:58.299096,451.6993160315778,58.05011399473703,41.94988600526297,5.5865817785434855,False,False
2025-12-30 13:21:58.299096,456.7411686835658,57.20980521940571,42.79019478059429,6.071689154915765,False,False
2025-12-30 14:21:58.299096,431.357806347714,61.44036560871433,38.55963439128567,5.277732404466818,False,False
2025-12-30 15:21:58.299096,520.1342422914289,46.64429295142851,53.35570704857149,6.412778568140038,False,False
2025-12-30 16:21:58.299096,519.4637742169448,46.756037630509205,53.243962369490795,5.729908375821894,False,False
2025-12-30 17:21:58.299096,568.0296877211105,38.661718713148254,61.338281286851746,7.383791120355121,False,False
2025-12-30 18:21:58.299096,630.0533855065207,28.324435748913213,71.67556425108678,7.641689227561969,True,False
2025-12-30 19:21:58.299096,621.0502157839023,29.824964036016276,70.17503596398373,8.604910979524702,True,False
2025-12-30 20:21:58.299096,664.9716572221064,22.504723796315606,77.4952762036844,7.580654581105045,True,False
2025-12-30 21:21:58.299096,575.7304091225599,37.37826514624002,62.62173485375998,6.241028699043045,True,False
2025-12-30 22:21:58.299096,574.0396332603274,37.660061123278766,62.339938876721234,6.400098551135831,True,False
2025-12-30 23:21:58.299096,525.2397037292286,45.793382711795225,54.206617288204775,7.396559027794692,False,False
2025-12-31 00:21:58.299096,537.1768833288954,43.803852778517424,56.196147221482576,6.521104558472649,False,False
2025-12-31 01:21:58.299096,500.6298793228267,49.89502011286222,50.10497988713778,5.867954920152633,False,False
2025-12-31 02:21:58.299096,509.99114152537413,48.33480974577098,51.66519025422902,6.609830905384493,False,False
2025-12-31 03:21:58.299096,501.603799867543,49.73270002207617,50.26729997792383,5.784732688814854,False,False
2025-12-31 04:21:58.299096,460.63835191425915,56.56027468095681,43.43972531904319,6.684315541140976,False,False
2025-12-31 05:21:58.299096,544.87125707729,42.521457153785,57.478542846215,6.44607586065273,False,False
2025-12-31 06:21:58.299096,517.6621580719767,47.05630698800388,52.94369301199612,5.834758743043946,True,False
2025-12-31 07:21:58.299096,553.4174861520925,41.09708564131792,58.90291435868208,6.564196613260749,True,False
2025-12-31 08:21:58.299096,626.1009853710503,28.983169104824945,71.01683089517505,7.424302141965649,True,False
2025-12-31 09:21:58.299096,541.8582256960467,43.02362905065888,56.97637094934112,7.321677775314067,True,False
2025-12-31 10:21:58.299096,529.1278241537733,45.14536264103778,54.85463735896222,5.3519273670802905,True,False
2025-12-31 11:21:58.299096,566.2108630636027,38.96485615606622,61.03514384393378,5.312853377536436,False,False
2025-12-31 12:21:58.299096,477.33675690268365,53.77720718288606,46.22279281711394,5.333248178935046,False,False
2025-12-31 13:21:58.299096,473.706275156822,54.382287473863,45.617712526137,5.110576578076562,False,False
2025-12-31 14:21:58.299096,418.59033061242644,63.568278231262255,36.431721768737745,5.963512533983602,False,False
2025-12-31 15:21:58.299096,467.4699889817495,55.42166850304176,44.57833149695824,6.305724325755729,False,False
2025-12-31 16:21:58.299096,509.9332172709909,48.34446378816818,51.65553621183182,5.899876138552151,False,False
2025-12-31 17:21:58.299096,584.3878301645942,35.9353616392343,64.0646383607657,7.040848904889798,False,False
2025-12-31 18:21:58.299096,625.855449021938,29.02409182967699,70.97590817032301,6.795588864861821,True,False
2025-12-31 19:21:58.299096,627.7590746085867,28.706820898568875,71.29317910143112,6.71981586857451,True,False
2025-12-31 20:21:58.299096,612.6730320457874,31.221161325702095,68.7788386742979,6.694748623697495,True,False
2025-12-31 21:21:58.299096,562.3784454266038,39.60359242889937,60.39640757110063,7.035226432913098,True,False
2025-12-31 22:21:58.299096,579.3021868514912,36.7829688580848,63.2170311419152,6.687658562409831,True,False
2025-12-31 23:21:58.299096,556.3276013388696,40.612066443521734,59.387933556478266,6.134395140611019,False,False
2026-01-01 00:21:58.299096,510.7486465618586,48.2085589063569,51.7914410936431,6.020342209073694,False,False
2026-01-01 01:21:58.299096,449.22041689189183,58.463263851351364,41.536736148648636,5.517343082769711,False,False
2026-01-01 02:21:58.299096,524.2646486334078,45.955891894432035,54.044108105567965,6.869703825863907,False,False
2026-01-01 03:21:58.299096,505.23124794603876,49.128125342326875,50.871874657673125,6.103600951098379,False,False
2026-01-01 04:21:58.299096,520.142855754671,46.6428573742215,53.3571426257785,6.589056597797991,False,False
2026-01-01 05:21:58.299096,575.831121933907,37.361479677682176,62.638520322317824,7.0934750920843745,False,False
2026-01-01 06:21:58.299096,563.7492710740316,39.37512148766139,60.62487851233861,6.342340706808343,True,False
2026-01-01 07:21:58.299096,644.483468939948,25.919421843341993,74.080578156658,6.376599503629319,True,False
2026-01-01 08:21:58.299096,624.2245350888004,29.295910818533265,70.70408918146674,7.173136564980812,True,False
2026-01-01 09:21:58.299096,581.9512775622914,36.34145373961811,63.65854626038189,6.125937657979177,True,False
2026-01-01 10:21:58.299096,471.7189858479598,54.71350235867336,45.28649764132664,5.540996714688562,True,False
2026-01-01 11:21:58.299096,529.5147375995557,45.08087706674072,54.91912293325928,7.767760680465662,False,False
2026-01-01 12:21:58.299096,461.0105865995516,56.49823556674141,43.50176443325859,5.6177366158977415,False,False
2026-01-01 13:21:58.299096,396.2135824853542,67.29773625244097,32.70226374755903,4.867872163035335,False,False
2026-01-01 14:21:58.299096,379.25223153369285,70.12462807771786,29.87537192228214,4.237509956650017,False,False
2026-01-01 15:21:58.299096,424.08346117511314,62.652756470814474,37.347243529185526,5.014308343621652,False,False
2026-01-01 16:21:58.299096,458.90658951148913,56.84890174808515,43.15109825191485,5.026939147058294,False,False
2026-01-01 17:21:58.299096,600.4767011528944,33.25388314118427,66.74611685881572,7.2120877913885515,False,False
2026-01-01 18:21:58.299096,657.2949773008554,23.784170449857434,76.21582955014256,7.967564823906196,True,False
2026-01-01 19:21:58.299096,603.3416652364583,32.77638912725694,67.22361087274305,7.353487204140361,True,False
2026-01-01 20:21:58.299096,600.5104089641176,33.24826517264707,66.75173482735292,7.221366536276478,True,False
2026-01-01 21:21:58.299096,595.0647984598015,34.15586692336642,65.84413307663358,6.240486027499882,True,False
2026-01-01 22:21:58.299096,589.8703789735075,35.02160350441541,64.97839649558459,6.59914309637789,True,False
2026-01-01 23:21:58.299096,497.0974436229791,50.48375939617016,49.51624060382984,6.8603548700235,False,False
2026-01-02 00:21:58.299096,459.59837891274503,56.733603514542494,43.266396485457506,6.0439351542831385,False,False
2026-01-02 01:21:58.299096,485.2829072963077,52.45284878394871,47.54715121605129,5.841690655389473,False,False
2026-01-02 02:21:58.299096,569.3396661790124,38.443388970164605,61.556611029835395,6.8927343249598225,False,False
2026-01-02 03:21:58.299096,504.3398929298668,49.27668451168887,50.72331548831113,5.262545594851081,False,False
2026-01-02 04:21:58.299096,534.6149037473451,44.23084937544248,55.76915062455752,6.085926558264716,False,False
2026-01-02 05:21:58.299096,509.2631406187008,48.45614323021653,51.54385676978347,6.033504162924823,False,False
2026-01-02 06:21:58.299096,582.0222350380075,36.32962749366542,63.67037250633458,7.566962967621739,True,False
2026-01-02 07:21:58.299096,563.8650778947753,39.35582035087079,60.64417964912921,6.615099472668221,True,False
2026-01-02 08:21:58.299096,583.6549675017886,36.05750541636856,63.94249458363144,7.347308758891921,True,False
2026-01-02 09:21:58.299096,563.3424067986388,39.44293220022688,60.55706779977312,6.308774314704488,True,False
2026-01-02 10:21:58.299096,521.9313098787107,46.34478168688154,53.65521831311846,5.805450390791244,True,False
2026-01-02 11:21:58.299096,450.6920541823562,58.2179909696073,41.7820090303927,4.919625575555759,False,False
2026-01-02 12:21:58.299096,427.04879752624004,62.158533745626656,37.841466254373344,5.508689029985864,False,False
2026-01-02 13:21:58.299096,452.2986828718872,57.95021952135213,42.04978047864787,5.743745351503466,False,False
2026-01-02 14:21:58.299096,446.406581810728,58.932236364878655,41.067763635121345,5.242428317314419,False,False
2026-01-02 15:21:58.299096,467.07248803433,55.487918660945,44.512081339055,5.669943818761673,False,False
2026-01-02 16:21:58.299096,570.5517598645662,38.24137335590564,61.75862664409436,5.594682973756652,False,False
2026-01-02 17:21:58.299096,585.6504000191678,35.7249333301387,64.2750666698613,6.913820600753161,False,False
2026-01-02 18:21:58.299096,607.7869359348676,32.03551067752206,67.96448932247793,8.208542501190598,True,False
2026-01-02 19:21:58.299096,697.8164748591716,17.030587523471397,82.9694124765286,8.858614987538386,True,False
2026-01-02 20:21:58.299096,586.6902591430709,35.55162347615486,64.44837652384514,7.5083809153476615,True,False
2026-01-02 21:21:58.299096,601.72325021674,33.046124963876665,66.95387503612334,6.307315014105314,True,False
2026-01-02 22:21:58.299096,497.11879550822687,50.48020074862885,49.51979925137115,5.791433794868484,True,False
2026-01-02 23:21:58.299096,530.2592933908682,44.956784434855315,55.043215565144685,6.8056694274142515,False,False
2026-01-03 00:21:58.299096,423.77949211697796,62.70341798050367,37.29658201949633,5.305099823776892,False,True
2026-01-03 01:21:58.299096,494.7979775044692,50.86700374925513,49.13299625074487,5.907820881104824,False,True
2026-01-03 02:21:58.299096,466.16634654851435,55.63894224191428,44.36105775808572,5.817986205364642,False,True
2026-01-03 03:21:58.299096,467.86841363660085,55.35526439389986,44.64473560610014,6.827576549079238,False,True
2026-01-03 04:21:58.299096,483.05742944333474,52.82376175944421,47.17623824055579,5.574485099254361,False,True
2026-01-03 05:21:58.299096,503.6985300954948,49.38357831741753,50.61642168258247,6.599940219815124,False,True
2026-01-03 06:21:58.299096,582.9839734987943,36.169337750200945,63.830662249799055,6.567727021588767,True,True
2026-01-03 07:21:58.299096,515.0445327931234,47.49257786781277,52.50742213218723,6.981915187638419,True,True
2026-01-03 08:21:58.299096,604.1085339416627,32.64857767638954,67.35142232361045,7.128547074655365,True,True
2026-01-03 09:21:58.299096,544.473795469751,42.58770075504149,57.41229924495851,5.985054783804713,True,True
2026-01-03 10:21:58.299096,483.23735703371455,52.79377382771424,47.20622617228576,5.212568546986249,True,True
2026-01-03 11:21:58.299096,444.7784875837424,59.2035854027096,40.7964145972904,4.497783652046182,False,True
2026-01-03 12:21:58.299096,466.78378755143126,55.5360354080948,44.4639645919052,5.512640275697377,False,True
2026-01-03 13:21:58.299096,445.70158867870566,59.04973522021572,40.95026477978428,5.912309931072551,False,True
2026-01-03 14:21:58.299096,382.8715543862095,69.52140760229841,30.47859239770159,5.051603290623364,False,True
2026-01-03 15:21:58.299096,414.19315753169195,64.30114041138468,35.69885958861532,5.574006179726263,False,True
2026-01-03 16:21:58.299096,504.0268627247302,49.328856212544956,50.671143787455044,6.359647766026736,False,True
2026-01-03 17:21:58.299096,554.5476731982222,40.90872113362962,59.09127886637038,7.346462246511116,False,True
2026-01-03 18:21:58.299096,571.6201965216283,38.06330057972862,61.93669942027138,7.085258619349118,True,True
2026-01-03 19:21:58.299096,613.6025966562374,31.066233890627093,68.93376610937291,7.501017455357293,True,True
2026-01-03 20:21:58.299096,607.4928079139422,32.08453201434296,67.91546798565705,7.729243171515226,True,True
2026-01-03 21:21:58.299096,534.4794783908386,44.253420268193565,55.746579731806435,6.31112662551834,True,True
2026-01-03 22:21:58.299096,497.70316487682453,50.38280585386258,49.61719414613742,6.1020333534153135,True,True
2026-01-03 23:21:58.299096,526.5989213352535,45.56684644412441,54.43315355587559,6.248353750100113,False,True
2026-01-04 00:21:58.299096,471.1622876685943,54.80628538856762,45.19371461143238,5.635401259182411,False,True
2026-01-04 01:21:58.299096,534.2580218254993,44.29032969575011,55.70967030424989,6.094574997020868,False,True
2026-01-04 02:21:58.299096,512.5698566336806,47.90502389438657,52.09497610561343,5.568187729809651,False,True
2026-01-04 03:21:58.299096,480.09978727388824,53.31670212101862,46.68329787898138,6.425108500445504,False,True
2026-01-04 04:21:58.299096,473.12438694923327,54.47926884179446,45.52073115820554,6.505842804365898,False,True
2026-01-04 05:21:58.299096,544.9082564823229,42.515290586279505,57.484709413720495,6.03668923609708,False,True
2026-01-04 06:21:58.299096,558.3666186867353,40.27223021887746,59.72776978112254,6.9653249100224315,True,True
2026-01-04 07:21:58.299096,598.7569232160787,33.54051279732022,66.45948720267978,7.818573234842707,True,True
2026-01-04 08:21:58.299096,556.189096103882,40.635150649353,59.364849350647,7.921771178710244,True,True
2026-01-04 09:21:58.299096,561.0367306557948,39.82721155736753,60.17278844263247,6.095247678919243,True,True
2026-01-04 10:21:58.299096,475.9789676727743,54.00350538787095,45.99649461212905,4.958261595109284,True,True
2026-01-04 11:21:58.299096,432.8132802508753,61.19778662485411,38.80221337514589,5.327843408126049,False,True
2026-01-04 12:21:58.299096,429.8050779283935,61.69915367860108,38.30084632139892,5.455728368948508,False,True
2026-01-04 13:21:58.299096,370.41711151896243,71.59714808017293,28.40285191982707,5.243532105973209,False,True
2026-01-04 14:21:58.299096,429.26917288925006,61.78847118512498,38.21152881487502,5.158599465764719,False,True
2026-01-04 15:21:58.299096,420.9300185464594,63.17833024225676,36.82166975774324,6.198604335668472,False,True
2026-01-04 16:21:58.299096,489.6682216416748,51.72196305972086,48.27803694027914,6.4615216597881195,False,True
2026-01-04 17:21:58.299096,570.6141578734862,38.230973687752304,61.769026312247696,6.765102246601586,False,True
2026-01-04 18:21:58.299096,565.5498996782446,39.07501672029257,60.92498327970743,7.237443968019096,True,True
2026-01-04 19:21:58.299096,614.167418023024,30.97209699616267,69.02790300383734,7.025593502669959,True,True
2026-01-04 20:21:58.299096,598.1857803867459,33.63570326887568,66.36429673112431,6.960188194633904,True,True
2026-01-04 21:21:58.299096,555.7134547317744,40.71442421137094,59.28557578862906,6.887848152609919,True,True
2026-01-04 22:21:58.299096,506.4968262924043,48.91719561793262,51.08280438206738,6.587629014182583,True,True
2026-01-04 23:21:58.299096,453.8893330249543,57.68511116250762,42.31488883749238,5.334896282471539,False,True
2026-01-05 00:21:58.299096,495.6514761561869,50.72475397396885,49.27524602603115,6.296611820374169,False,False
2026-01-05 01:21:58.299096,502.3838614142361,49.602689764293984,50.397310235706016,5.650035893138879,False,False
2026-01-05 02:21:58.299096,454.22363450012017,57.62939424997997,42.37060575002003,5.078520697557867,False,False
2026-01-05 03:21:58.299096,470.1384718861024,54.97692135231627,45.02307864768373,5.435830619689489,False,False
2026-01-05 04:21:58.299096,553.6793124572562,41.05344792379064,58.94655207620936,7.655824114845432,False,False
2026-01-05 05:21:58.299096,521.4045312477881,46.43257812536865,53.56742187463135,6.375900817169083,False,False
2026-01-05 06:21:58.299096,530.9738265155795,44.83769558073675,55.16230441926325,6.753832173517468,True,False
2026-01-05 07:21:58.299096,540.0146980503043,43.330883658282616,56.669116341717384,5.953257380621288,True,False
2026-01-05 08:21:58.299096,607.8692087303647,32.021798544939216,67.97820145506078,7.242200793530553,True,False
2026-01-05 09:21:58.299096,522.5759791223476,46.237336812942075,53.762663187057925,5.642472060221088,True,False
2026-01-05 10:21:58.299096,527.8839551516446,45.35267414139257,54.64732585860743,5.829570821494648,True,False
2026-01-05 11:21:58.299096,430.1663211991417,61.63894646680972,38.36105353319028,5.427879632198462,False,False
2026-01-05 12:21:58.299096,445.7377289380555,59.04371184365742,40.95628815634258,5.797102340755489,False,False
2026-01-05 13:21:58.299096,460.2678101213289,56.62203164644518,43.37796835355482,5.7836058407741175,False,False
2026-01-05 14:21:58.299096,422.3223085883559,62.94628190194068,37.05371809805932,5.512139486620092,False,False
2026-01-05 15:21:58.299096,412.10387067046173,64.64935488825638,35.35064511174362,5.357405915806238,False,False
2026-01-05 16:21:58.299096,564.1131755907707,39.314470734871556,60.685529265128444,6.831363497521684,False,False
2026-01-05 17:21:58.299096,626.871179286115,28.854803452314172,71.14519654768583,7.282810571696566,False,False
2026-01-05 18:21:58.299096,605.2943752007352,32.450937466544126,67.54906253345587,6.3984010510039315,True,False
2026-01-05 19:21:58.299096,646.3708736331469,25.60485439447553,74.39514560552448,8.230923358879199,True,False
2026-01-05 20:21:58.299096,597.9037314932874,33.68271141778543,66.31728858221457,5.8935164807891365,True,False
2026-01-05 21:21:58.299096,559.6068900531544,40.06551832447426,59.93448167552574,5.975849472928454,True,False
2026-01-05 22:21:58.299096,574.0509080892342,37.658181985127634,62.341818014872366,7.033726136113753,True,False
2026-01-05 23:21:58.299096,511.67649420071604,48.05391763321399,51.94608236678601,5.4322863150523615,False,False
2026-01-06 00:21:58.299096,546.9364154881366,42.17726408531056,57.82273591468944,6.8939030308501605,False,False
2026-01-06 01:21:58.299096,516.5397621145557,47.243372980907374,52.756627019092626,6.004603178782787,False,False
2026-01-06 02:21:58.299096,499.8595675629564,50.023405406173936,49.976594593826064,7.145258144369014,False,False
2026-01-06 03:21:58.299096,569.555915066858,38.407347488857,61.592652511143,6.070907362679895,False,False
2026-01-06 04:21:58.299096,521.668725293577,46.388545784403824,53.611454215596176,6.369878406238726,False,False
2026-01-06 05:21:58.299096,539.1896583053272,43.468390282445476,56.531609717554524,6.37022888938165,False,False
2026-01-06 06:21:58.299096,576.0333379904761,37.32777700158733,62.67222299841267,6.162659859736336,True,False
2026-01-06 07:21:58.299096,569.8245315052689,38.36257808245519,61.63742191754481,6.371895617278979,True,False
2026-01-06 08:21:58.299096,621.0830752137698,29.819487464371697,70.18051253562831,7.471819829919769,True,False
2026-01-06 09:21:58.299096,625.6329907379695,29.061168210338415,70.93883178966158,6.5866468874834405,True,False
2026-01-06 10:21:58.299096,536.4414004172553,43.926433263790784,56.073566736209216,6.250670759371463,True,False
2026-01-06 11:21:58.299096,491.909998373569,51.34833360440516,48.65166639559484,6.416062117844937,False,False
2026-01-06 12:21:58.299096,441.8213574147782,59.696440430870304,40.303559569129696,5.448067292456084,False,False
2026-01-06 13:21:58.299096,408.94723970461314,65.17546004923113,34.824539950768866,5.677577981159273,False,False
2026-01-06 14:21:58.299096,488.57768405441516,51.903719324264145,48.096280675735855,7.062272566860916,False,False
2026-01-06 15:21:58.299096,456.8560848197104,57.19065253004827,42.80934746995173,5.395072601455682,False,False
2026-01-06 16:21:58.299096,561.4954968887137,39.750750518547726,60.249249481452274,6.257098819606704,False,False
2026-01-06 17:21:58.299096,579.587697753555,36.735383707740844,63.264616292259156,7.295170290685626,False,False
2026-01-06 18:21:58.299096,580.5641392620474,36.57264345632542,63.42735654367458,6.936932955845132,True,False
2026-01-06 19:21:58.299096,640.0444284951614,26.65926191747311,73.34073808252688,6.587440499133367,True,False
2026-01-06 20:21:58.299096,589.8154489314877,35.03075851141871,64.96924148858129,6.527218104498037,True,False
2026-01-06 21:21:58.299096,560.3962494861049,39.93395841898252,60.06604158101748,6.171466747771839,True,False
2026-01-06 22:21:58.299096,553.2304889578062,41.128251840365635,58.871748159634365,7.006682053867355,True,False
2026-01-06 23:21:58.299096,511.80648687712625,48.03225218714563,51.96774781285437,5.464704667231437,False,False
2026-01-07 00:21:58.299096,516.3072840534626,47.2821193244229,52.7178806755771,6.0561446735839075,False,False
2026-01-07 01:21:58.299096,445.97445040942216,59.0042582650963,40.9957417349037,5.490583839860187,False,False
2026-01-07 02:21:58.299096,437.76609544998456,60.37231742500258,39.62768257499742,5.551654720679023,False,False
2026-01-07 03:21:58.299096,484.45570305714995,52.590716157141685,47.409283842858315,5.722848896687553,False,False
2026-01-07 04:21:58.299096,517.1027940160152,47.14953433066413,52.85046566933587,6.10887403050946,False,False
2026-01-07 05:21:58.299096,505.4390336506555,49.093494391557414,50.906505608442586,6.814757282066726,False,False
2026-01-07 06:21:58.299096,524.3148427389781,45.94752621017032,54.05247378982968,5.330842083068263,True,False
2026-01-07 07:21:58.299096,585.6135657814422,35.731072369759644,64.26892763024036,6.315898964378367,True,False
2026-01-07 08:21:58.299096,622.0042185486515,29.66596357522475,70.33403642477525,7.158891420700898,True,False
2026-01-07 09:21:58.299096,531.1827563478811,44.802873942019815,55.197126057980185,6.003513339791869,True,False
2026-01-07 10:21:58.299096,548.6486816784857,41.891886386919055,58.108113613080945,5.669303113893876,True,False
2026-01-07 11:21:58.299096,481.5338521293521,53.07769131177464,46.92230868822536,5.747417897513564,False,False
2026-01-07 12:21:58.299096,436.34801334110017,60.608664443149976,39.391335556850024,5.338081970956221,False,False
2026-01-07 13:21:58.299096,446.9608972959074,58.83985045068209,41.16014954931791,5.356979472484619,False,False
2026-01-07 14:21:58.299096,428.78025698213975,61.86995716964338,38.13004283035662,5.5959277206928695,False,False
2026-01-07 15:21:58.299096,459.93932996139097,56.67677833976818,43.32322166023182,4.791052941484312,False,False
2026-01-07 16:21:58.299096,548.1493977839622,41.975100369339636,58.024899630660364,7.354687450631778,False,False
2026-01-07 17:21:58.299096,606.8003913300939,32.199934778317676,67.80006522168233,7.04035290743301,False,False
2026-01-07 18:21:58.299096,577.8985805132476,37.01690324779208,62.98309675220792,7.245536798158951,True,False
2026-01-07 19:21:58.299096,614.7506446558093,30.87489255736512,69.12510744263489,7.0419207180063745,True,False
2026-01-07 20:21:58.299096,616.0145595412117,30.66424007646471,69.33575992353529,6.098563196701958,True,False
2026-01-07 21:21:58.299096,589.3818164725459,35.103030587909025,64.89696941209098,6.612762071148686,True,False
2026-01-07 22:21:58.299096,509.52531525003417,48.412447458327634,51.587552541672366,5.822283581044223,True,False
2026-01-07 23:21:58.299096,502.5837755194916,49.569370746751396,50.430629253248604,6.218674191961553,False,False
2026-01-08 00:21:58.299096,472.39600368050196,54.60066605324967,45.39933394675033,5.877517557474644,False,False
2026-01-08 01:21:58.299096,487.9511603335852,52.008139944402465,47.991860055597535,5.978757823805468,False,False
2026-01-08 02:21:58.299096,498.2143835955883,50.297602734068626,49.702397265931374,6.4391443687947,False,False
2026-01-08 03:21:58.299096,507.50736641264757,48.74877226455874,51.25122773544126,6.204497868508606,False,False
2026-01-08 04:21:58.299096,551.1970420072441,41.467159665459306,58.532840334540694,6.633484537910005,False,False
2026-01-08 05:21:58.299096,526.1863154457791,45.63561409237015,54.36438590762985,6.718078792015862,False,False
2026-01-08 06:21:58.299096,521.1151543600305,46.48080760666159,53.51919239333841,6.2339303514700966,True,False
2026-01-08 07:21:58.299096,617.1811750198841,30.469804163352656,69.53019583664735,7.363499800199328,True,False
2026-01-08 08:21:58.299096,570.7415536069026,38.20974106551623,61.79025893448377,6.1935054098068525,True,False
2026-01-08 09:21:58.299096,590.8089465218735,34.865175579687744,65.13482442031226,7.15036174210486,True,False
2026-01-08 10:21:58.299096,487.27146088678296,52.12142318553617,47.87857681446383,6.601154278753226,True,False
2026-01-08 11:21:58.299096,489.6345961288704,51.72756731185494,48.27243268814506,5.436018970168466,False,False
2026-01-08 12:21:58.299096,420.83308951852297,63.19448508024617,36.80551491975383,4.987081410932301,False,False
2026-01-08 13:21:58.299096,363.7927980485964,72.70120032523393,27.298799674766073,4.0,False,False
2026-01-08 14:21:58.299096,415.31700217954847,64.11383297007525,35.88616702992475,4.205476842278919,False,False
2026-01-08 15:21:58.299096,504.2916356931084,49.28472738448193,50.71527261551807,5.389163776039696,False,False
2026-01-08 16:21:58.299096,553.7820517776298,41.03632470372837,58.96367529627163,7.426857720773437,False,False
2026-01-08 17:21:58.299096,563.642364985794,39.392939169034335,60.607060830965665,6.482131080601679,False,False
2026-01-08 18:21:58.299096,637.7959106721975,27.034014887967082,72.96598511203291,7.084703196352589,True,False
2026-01-08 19:21:58.299096,586.2695728367364,35.62173786054393,64.37826213945607,6.8520451673333,True,False
2026-01-08 20:21:58.299096,575.7048852814982,37.38251911975031,62.61748088024969,6.675711381418266,True,False
2026-01-08 21:21:58.299096,618.6386945168347,30.22688424719422,69.77311575280578,7.212935379354576,True,False
2026-01-08 22:21:58.299096,539.1081510910528,43.481974818157866,56.518025181842134,5.8199986826406604,True,False
2026-01-08 23:21:58.299096,527.2578361476508,45.457027308724875,54.542972691275125,5.057828867104687,False,False
2026-01-09 00:21:58.299096,491.93725154012066,51.343791409979886,48.656208590020114,5.86712794093118,False,False
2026-01-09 01:21:58.299096,434.66471286401827,60.88921452266363,39.11078547733637,5.981032616719032,False,False
2026-01-09 02:21:58.299096,491.24100741620776,51.45983209729871,48.54016790270129,6.339098007579951,False,False
2026-01-09 03:21:58.299096,471.68397490700147,54.71933751549975,45.28066248450025,4.87886306039768,False,False
2026-01-09 04:21:58.299096,513.2137699623237,47.79770500627939,52.20229499372061,5.754161990305737,False,False
2026-01-09 05:21:58.299096,478.8673444804641,53.52210925325598,46.47789074674402,6.512857448324815,False,False
2026-01-09 06:21:58.299096,559.5123177241052,40.08128037931581,59.91871962068419,7.303978153455551,True,False
2026-01-09 07:21:58.299096,615.7181736082937,30.71363773195105,69.28636226804895,7.4265029069513,True,False
2026-01-09 08:21:58.299096,627.6033944624398,28.732767589593355,71.26723241040665,6.5011271212803745,True,False
2026-01-09 09:21:58.299096,589.6863983819981,35.05226693633365,64.94773306366635,6.321289587723477,True,False
2026-01-09 10:21:58.299096,562.501910497932,39.583014917011326,60.416985082988674,5.71732323905069,True,False
2026-01-09 11:21:58.299096,520.5806508579711,46.56989152367148,53.43010847632852,5.693015085190911,False,False
2026-01-09 12:21:58.299096,388.3019137891561,68.61634770180731,31.383652298192686,4.560121870675122,False,False
2026-01-09 13:21:58.299096,455.373659003778,57.43772349937033,42.56227650062967,4.864781647224949,False,False
2026-01-09 14:21:58.299096,455.2995544565484,57.45007425724194,42.54992574275806,4.98741637283421,False,False
2026-01-09 15:21:58.299096,488.9829326031169,51.83617789948052,48.16382210051948,6.3026887968380345,False,False
2026-01-09 16:21:58.299096,514.3583694968061,47.60693841719898,52.39306158280102,6.615309219132849,False,False
2026-01-09 17:21:58.299096,525.1354691636833,45.81075513938612,54.18924486061388,6.9093133006246905,False,False
2026-01-09 18:21:58.299096,656.7482393586068,23.87529344023219,76.12470655976782,8.253167873850868,True,False
2026-01-09 19:21:58.299096,598.0676320993538,33.65539465010771,66.34460534989229,6.844546334721925,True,False
2026-01-09 20:21:58.299096,614.9862095513572,30.835631741440462,69.16436825855953,6.594813058545134,True,False
2026-01-09 21:21:58.299096,574.9569983922095,37.507166934631755,62.492833065368245,6.932479686810513,True,False
2026-01-09 22:21:58.299096,521.0456157259993,46.492397379000124,53.507602620999876,5.547064103330461,True,False
2026-01-09 23:21:58.299096,466.5286736936939,55.57855438438435,44.42144561561565,5.2623987029366095,False,False
2026-01-10 00:21:58.299096,552.3020515334963,41.28299141108395,58.71700858891605,6.386852453228224,False,True
2026-01-10 01:21:58.299096,451.5575283793802,58.073745270103295,41.926254729896705,4.7596645347974125,False,True
2026-01-10 02:21:58.299096,479.5369761851087,53.41050396914855,46.58949603085145,6.372158398151219,False,True
2026-01-10 03:21:58.299096,478.4020442035334,53.599659299411094,46.400340700588906,5.427967771862682,False,True
2026-01-10 04:21:58.299096,473.76844660518356,54.37192556580275,45.62807443419725,6.167230428467021,False,True
2026-01-10 05:21:58.299096,500.17799723009165,49.970333794984725,50.029666205015275,5.745548608691475,False,True
2026-01-10 06:21:58.299096,491.9816154866241,51.336397418895984,48.663602581104016,5.861135032499366,True,True
2026-01-10 07:21:58.299096,548.8202769527741,41.86328717453765,58.13671282546235,6.5203865358123005,True,True
2026-01-10 08:21:58.299096,585.2922243920997,35.784629267983384,64.21537073201662,7.42203816162778,True,True
2026-01-10 09:21:58.299096,509.18589192680724,48.469018012198795,51.530981987801205,6.236450949564381,True,True
2026-01-10 10:21:58.299096,488.80465983541785,51.86589002743036,48.13410997256964,6.592390203795385,True,True
2026-01-10 11:21:58.299096,476.89856859092566,53.85023856817905,46.14976143182095,4.721209088382285,False,True
2026-01-10 12:21:58.299096,435.6992174875672,60.716797085405474,39.283202914594526,5.631672188973165,False,True
2026-01-10 13:21:58.299096,369.7541310417304,71.70764482637827,28.29235517362173,4.770607131384956,False,True
2026-01-10 14:21:58.299096,384.85528258692585,69.19078623551236,30.809213764487637,5.876952480299584,False,True
2026-01-10 15:21:58.299096,439.53707802914585,60.07715366180902,39.92284633819098,6.32982781716882,False,True
2026-01-10 16:21:58.299096,498.35126377528417,50.274789370785975,49.725210629214025,6.56572697891235,False,True
2026-01-10 17:21:58.299096,563.0878012579112,39.48536645701479,60.51463354298521,6.359897892654605,False,True
2026-01-10 18:21:58.299096,512.4827654878145,47.91953908536425,52.08046091463575,6.026661815815045,True,True
2026-01-10 19:21:58.299096,517.1581610074751,47.14030649875415,52.85969350124585,6.231128419383935,True,True
2026-01-10 20:21:58.299096,561.8093469332573,39.69844217779045,60.30155782220955,6.668419128413943,True,True
2026-01-10 21:21:58.299096,562.0942842911746,39.65095261813756,60.34904738186244,6.573572190249086,True,True
2026-01-10 22:21:58.299096,466.5066721167241,55.58222131387932,44.41777868612068,6.079471065707697,True,True
2026-01-10 23:21:58.299096,449.97568237474843,58.33738627087526,41.66261372912474,5.5935020390206915,False,True
2026-01-11 00:21:58.299096,450.2451007415302,58.29248320974496,41.70751679025504,4.926715248692658,False,True
2026-01-11 01:21:58.299096,496.74789694275876,50.542017176206876,49.457982823793124,5.299049127790313,False,True
2026-01-11 02:21:58.299096,481.66042565558155,53.056595724069744,46.943404275930256,6.42597738303616,False,True
2026-01-11 03:21:58.299096,451.21414772284146,58.130975379526426,41.869024620473574,5.198564942742915,False,True
2026-01-11 04:21:58.299096,507.0461483306784,48.82564194488693,51.17435805511307,6.079876888221278,False,True
2026-01-11 05:21:58.299096,548.6037754874352,41.899370752094136,58.100629247905864,5.6953927918829175,False,True
2026-01-11 06:21:58.299096,507.7955785356745,48.70073691072091,51.29926308927909,5.849029093595064,True,True
2026-01-11 07:21:58.299096,556.3983795526761,40.600270074553976,59.399729925446024,7.315566654804694,True,True
2026-01-11 08:21:58.299096,584.3187180992684,35.9468803167886,64.0531196832114,7.690187918902892,True,True
2026-01-11 09:21:58.299096,545.9333788753356,42.34443685411073,57.65556314588927,7.310690104839502,True,True
2026-01-11 10:21:58.299096,516.3159632332206,47.28067279446323,52.71932720553677,6.3083286086229124,True,True
2026-01-11 11:21:58.299096,510.18952501836606,48.301745830272324,51.698254169727676,6.215410569997081,False,True
2026-01-11 12:21:58.299096,379.58384248604864,70.06935958565856,29.93064041434144,4.499815174548223,False,True
2026-01-11 13:21:58.299096,373.4382382626625,71.09362695622292,28.90637304377708,4.263377257379496,False,True
2026-01-11 14:21:58.299096,429.4329766491187,61.76117055848022,38.23882944151978,5.4717218502656015,False,True
2026-01-11 15:21:58.299096,468.84593067559865,55.192344887400225,44.807655112599775,5.70881663363245,False,True
2026-01-11 16:21:58.299096,494.75217982039953,50.874636696600085,49.125363303399915,6.316887644988292,False,True
2026-01-11 17:21:58.299096,507.3995016368423,48.76674972719296,51.23325027280704,6.5741431218168795,False,True
2026-01-11 18:21:58.299096,566.8461966182059,38.858967230299015,61.141032769700985,5.85568135912643,True,True
2026-01-11 19:21:58.299096,581.029036689907,36.49516055168217,63.50483944831783,8.061125003358878,True,True
2026-01-11 20:21:58.299096,606.1223484387594,32.31294192687343,67.68705807312656,8.243817427997913,True,True
2026-01-11 21:21:58.299096,535.9256576340913,44.01239039431811,55.98760960568189,6.3078708020605765,True,True
2026-01-11 22:21:58.299096,502.9333398946608,49.51111001755654,50.48888998244346,5.3970351226809985,True,True
2026-01-11 23:21:58.299096,490.87532751247784,51.52077874792036,48.47922125207964,6.422600281076352,False,True
2026-01-12 00:21:58.299096,447.4882184569723,58.751963590504616,41.248036409495384,5.767099127614992,False,False
2026-01-12 01:21:58.299096,458.3953725626877,56.93410457288538,43.06589542711462,5.884958793480439,False,False
2026-01-12 02:21:58.299096,494.606144033141,50.8989759944765,49.1010240055235,6.2161116434589525,False,False
2026-01-12 03:21:58.299096,518.7627940056466,46.87286766572557,53.12713233427443,6.377393373772877,False,False
2026-01-12 04:21:58.299096,492.25353873124726,51.291076878125466,48.708923121874534,5.9905757943695095,False,False
2026-01-12 05:21:58.299096,520.7264268570094,46.545595523831764,53.454404476168236,5.6731853504204075,False,False
2026-01-12 06:21:58.299096,563.6245088447237,39.39591519254606,60.60408480745394,7.005207773725025,True,False
2026-01-12 07:21:58.299096,602.5655320375856,32.90574466040239,67.09425533959761,7.447944148673909,True,False
2026-01-12 08:21:58.299096,619.1588702147222,30.14018829754629,69.85981170245371,6.573085826441643,True,False
2026-01-12 09:21:58.299096,579.7060532105224,36.71565779824626,63.28434220175374,7.07921697824965,True,False
2026-01-12 10:21:58.299096,525.9565421721715,45.67390963797142,54.32609036202858,7.171785034184596,True,False
2026-01-12 11:21:58.299096,454.03688018466,57.66051996922334,42.33948003077666,5.57778471007126,False,False
2026-01-12 12:21:58.299096,436.4320452764353,60.594659120594116,39.405340879405884,4.903939818370736,False,False
2026-01-12 13:21:58.299096,479.4985064865929,53.41691558556785,46.58308441443215,5.542279349325534,False,False
2026-01-12 14:21:58.299096,405.915702763272,65.68071620612133,34.31928379387867,5.028383232534501,False,False
2026-01-12 15:21:58.299096,430.50451337979297,61.582581103367836,38.417418896632164,4.3768846802590815,False,False
2026-01-12 16:21:58.299096,511.9916324877391,48.00139458537682,51.99860541462318,6.050164996832062,False,False
2026-01-12 17:21:58.299096,621.8607536180737,29.689874396987726,70.31012560301227,7.1677187903266,False,False
2026-01-12 18:21:58.299096,614.8171350966444,30.863810817225932,69.13618918277407,6.713314330848088,True,False
2026-01-12 19:21:58.299096,613.1029474412827,31.149508759786215,68.85049124021378,7.129711542051777,True,False
2026-01-12 20:21:58.299096,644.0920330194408,25.984661163426537,74.01533883657346,7.465784794147489,True,False
2026-01-12 21:21:58.299096,591.6209180176452,34.729846997059134,65.27015300294087,7.36967392671951,True,False
2026-01-12 22:21:58.299096,571.6930607080324,38.05115654866127,61.94884345133873,7.658086575931499,True,False
2026-01-12 23:21:58.299096,556.0812911425628,40.653118142906195,59.346881857093805,5.699304732774312,False,False
2026-01-13 00:21:58.299096,484.27068704706176,52.62155215882305,47.37844784117695,6.584526443478329,False,False
2026-01-13 01:21:58.299096,498.99456387503136,50.16757268749477,49.83242731250523,6.2984477609786005,False,False
2026-01-13 02:21:58.299096,482.3612749493605,52.93978750843992,47.06021249156008,5.251419447839448,False,False
2026-01-13 03:21:58.299096,524.4640041755814,45.92266597073643,54.07733402926357,6.551533730318813,False,False
2026-01-13 04:21:58.299096,529.1862087567262,45.13563187387898,54.86436812612102,6.198625850079013,False,False
2026-01-13 05:21:58.299096,515.2375425365914,47.46040957723478,52.53959042276522,6.597432488864319,False,False
2026-01-13 06:21:58.299096,552.5958154163502,41.23403076394163,58.76596923605837,6.4339399440818665,True,False
2026-01-13 07:21:58.299096,605.4218081155358,32.429698647410696,67.5703013525893,6.901323728201673,True,False
2026-01-13 08:21:58.299096,624.9999824035605,29.166669599406593,70.83333040059341,8.20872674576357,True,False
2026-01-13 09:21:58.299096,560.1686727278883,39.97188787868529,60.02811212131471,7.576601695646342,True,False
2026-01-13 10:21:58.299096,499.74394801133315,50.04267533144448,49.95732466855552,5.8690703959357,True,False
2026-01-13 11:21:58.299096,513.9304790646552,47.67825348922414,52.32174651077586,5.1178539984805145,False,False
2026-01-13 12:21:58.299096,479.77189903463295,53.371350160894515,46.628649839105485,5.595818618880248,False,False
2026-01-13 13:21:58.299096,441.764512070329,59.70591465494517,40.29408534505483,5.140699785586156,False,False
2026-01-13 14:21:58.299096,476.0027171022879,53.999547149618685,46.000452850381315,6.319027590441599,False,False
2026-01-13 15:21:58.299096,505.2075978859697,49.132067019005056,50.867932980994944,6.087034026855928,False,False
2026-01-13 16:21:58.299096,515.1496758358804,47.47505402735326,52.52494597264674,6.568104164631826,False,False
2026-01-13 17:21:58.299096,546.3242552717676,42.279290788038736,57.720709211961264,5.475063219321079,False,False
2026-01-13 18:21:58.299096,605.8631370387255,32.35614382687908,67.64385617312092,6.56616092048824,True,False
2026-01-13 19:21:58.299096,652.9258560655378,24.512357322410374,75.48764267758963,7.597034635665471,True,False
2026-01-13 20:21:58.299096,566.9593637762548,38.840106037290866,61.159893962709134,6.99452551715647,True,False
2026-01-13 21:21:58.299096,572.8929258427866,37.85117902620224,62.14882097379776,7.5608704052909195,True,False
2026-01-13 22:21:58.299096,536.353498704136,43.94108354931067,56.05891645068933,5.944486939766886,True,False
2026-01-13 23:21:58.299096,494.6549778341328,50.89083702764453,49.10916297235547,6.088562905650899,False,False
2026-01-14 00:21:58.299096,583.477619610504,36.08706339824933,63.91293660175067,7.016256958010104,False,False
2026-01-14 01:21:58.299096,493.9989447623818,51.00017587293637,48.99982412706363,6.462269064302909,False,False
2026-01-14 02:21:58.299096,482.0395558452297,52.99340735912838,47.00659264087162,4.898653102072177,False,False
2026-01-14 03:21:58.299096,483.8107599859331,52.69820666901115,47.30179333098885,6.2186478492018695,False,False
2026-01-14 04:21:58.299096,499.94053752779894,50.009910412033506,49.990089587966494,5.920820839365632,False,False
2026-01-14 05:21:58.299096,534.24425247015,44.292624588308335,55.707375411691665,7.140375308825059,False,False
2026-01-14 06:21:58.299096,572.9991957997578,37.83346736670704,62.16653263329296,7.081602966271187,True,False
2026-01-14 07:21:58.299096,567.1648917589562,38.8058513735073,61.1941486264927,7.3040576206134205,True,False
2026-01-14 08:21:58.299096,559.7392370926872,40.04346048455214,59.95653951544786,6.58264154956138,True,False
2026-01-14 09:21:58.299096,511.8920658736698,48.01798902105503,51.98201097894497,6.4712625158444315,True,False
2026-01-14 10:21:58.299096,507.1297618031861,48.811706366135645,51.188293633864355,5.995712498434515,True,False
2026-01-14 11:21:58.299096,490.4300749416515,51.594987509724746,48.405012490275254,6.344936036666124,False,False
2026-01-14 12:21:58.299096,441.89267456277145,59.68455423953809,40.31544576046191,5.404484764618623,False,False
2026-01-14 13:21:58.299096,394.54056776213173,67.57657203964472,32.42342796035528,4.849011611552034,False,False
2026-01-14 14:21:58.299096,435.1326115891255,60.811231401812414,39.188768598187586,5.214176529690208,False,False
2026-01-14 15:21:58.299096,483.24380438462214,52.79269926922965,47.20730073077035,5.955900256452346,False,False
2026-01-14 16:21:58.299096,481.1672944988095,53.13878425019843,46.86121574980157,5.752950066516917,False,False
2026-01-14 17:21:58.299096,538.5300964439012,43.578317259349795,56.421682740650205,7.061700763362032,False,False
2026-01-14 18:21:58.299096,651.925945538636,24.679009076893998,75.320990923106,7.311506021523,True,False
2026-01-14 19:21:58.299096,618.5076385217717,30.24872691303805,69.75127308696196,6.382263532768437,True,False
2026-01-14 20:21:58.299096,580.5740939645236,36.57098433924606,63.42901566075394,7.714108250172046,True,False
2026-01-14 21:21:58.299096,583.0522663198532,36.15795561335781,63.84204438664219,6.439132354902639,True,False
2026-01-14 22:21:58.299096,505.3454533080296,49.1090911153284,50.8909088846716,5.614130043998775,True,False
2026-01-14 23:21:58.299096,507.9150065702392,48.68083223829347,51.31916776170653,6.638617014835498,False,False
2026-01-15 00:21:58.299096,513.1975920974143,47.80040131709762,52.19959868290238,6.0249983502292785,False,False
2026-01-15 01:21:58.299096,520.5332562666327,46.57779062222788,53.42220937777212,6.840453597737778,False,False
2026-01-15 02:21:58.299096,492.6850638608266,51.21915602319558,48.78084397680442,5.225420765422109,False,False
2026-01-15 03:21:58.299096,484.4353544562707,52.594107590621554,47.405892409378446,5.9998962207188145,False,False
2026-01-15 04:21:58.299096,483.55025419598223,52.74162430066962,47.25837569933038,5.791788917638272,False,False
2026-01-15 05:21:58.299096,519.3856171902573,46.76906380162378,53.23093619837622,6.036885926113484,False,False
2026-01-15 06:21:58.299096,606.145028035568,32.309161994072,67.690838005928,7.388701412982729,True,False
2026-01-15 07:21:58.299096,587.6074996966205,35.39875005056325,64.60124994943675,6.9100531486821115,True,False
2026-01-15 08:21:58.299096,545.4928941203342,42.417850979944305,57.582149020055695,6.939261056887344,True,False
2026-01-15 09:21:58.299096,567.7644374034998,38.705927099416705,61.294072900583295,7.027560009549026,True,False
2026-01-15 10:21:58.299096,518.5640399568447,46.90599334052589,53.09400665947411,7.192672227733146,True,False
2026-01-15 11:21:58.299096,522.7119153131279,46.214680781145354,53.785319218854646,6.421554682939941,False,False
2026-01-15 12:21:58.299096,473.12374752504564,54.479375412492395,45.520624587507605,6.123315703586773,False,False
2026-01-15 13:21:58.299096,389.63307521193144,68.3944874646781,31.605512535321907,4.7571843167115855,False,False
2026-01-15 14:21:58.299096,425.98081313821814,62.33653114363031,37.66346885636969,5.645510349526376,False,False
2026-01-15 15:21:58.299096,454.9271801214382,57.51213664642696,42.48786335357304,6.034005875604135,False,False
2026-01-15 16:21:58.299096,486.1407520607362,52.309874656543975,47.690125343456025,5.918737764194457,False,False
2026-01-15 17:21:58.299096,590.9191985503867,34.84680024160222,65.15319975839779,7.478339670889602,False,False
2026-01-15 18:21:58.299096,616.6144060142253,30.564265664295775,69.43573433570423,7.029417336753334,True,False
2026-01-15 19:21:58.299096,608.9582626845939,31.84028955256768,68.15971044743232,6.980551320568975,True,False
2026-01-15 20:21:58.299096,662.8514398498502,22.8580933583583,77.1419066416417,7.414210228423359,True,False
2026-01-15 21:21:58.299096,533.4736161477882,44.42106397536863,55.57893602463137,6.274148618162568,True,False
2026-01-15 22:21:58.299096,475.1235861412765,54.14606897645391,45.85393102354609,5.716361923494425,True,False
2026-01-15 23:21:58.299096,499.73351191426957,50.04441468095507,49.95558531904493,5.827931277544364,False,False
2026-01-16 00:21:58.299096,494.0124148707488,50.99793085487521,49.00206914512479,5.530067176154758,False,False
2026-01-16 01:21:58.299096,497.3427016162298,50.442883063961695,49.557116936038305,7.312685316117366,False,False
2026-01-16 02:21:58.299096,538.5979114746451,43.567014754225816,56.432985245774184,6.9132004180686,False,False
2026-01-16 03:21:58.299096,473.803072941914,54.366154509680996,45.633845490319004,5.29042655314363,False,False
2026-01-16 04:21:58.299096,447.84413841043704,58.692643598260496,41.307356401739504,5.568529144670701,False,False
2026-01-16 05:21:58.299096,474.1484898054193,54.30858503243012,45.69141496756988,4.772586588611233,False,False
2026-01-16 06:21:58.299096,490.3331005406167,51.611149909897215,48.388850090102785,6.109448747829238,True,False
2026-01-16 07:21:58.299096,674.3388648645468,20.94352252257553,79.05647747742447,8.053456494890842,True,False
2026-01-16 08:21:58.299096,593.5670833886651,34.405486101889146,65.59451389811085,6.722372972526968,True,False
2026-01-16 09:21:58.299096,590.7742101352962,34.870964977450626,65.12903502254937,7.2990214891091565,True,False
2026-01-16 10:21:58.299096,562.6502305173855,39.55829491376909,60.44170508623091,7.124022097514731,True,False
2026-01-16 11:21:58.299096,512.4982289302706,47.91696184495491,52.08303815504509,6.052624919798639,False,False
2026-01-16 12:21:58.299096,457.8376898181909,57.02705169696818,42.97294830303182,5.303142104043613,False,False
2026-01-16 13:21:58.299096,405.8140450533125,65.69765915778125,34.302340842218754,4.523184998128347,False,False
2026-01-16 14:21:58.299096,437.43417828178696,60.4276369530355,39.5723630469645,4.835841009503776,False,False
2026-01-16 15:21:58.299096,483.33498875839973,52.777501873600045,47.222498126399955,5.389121724463452,False,False
2026-01-16 16:21:58.299096,531.5970247714238,44.733829204762706,55.266170795237294,6.204635396790764,False,False
2026-01-16 17:21:58.299096,537.1842356130551,43.80262739782415,56.19737260217585,5.9252447111473385,False,False
2026-01-16 18:21:58.299096,544.8651683820441,42.52247193632599,57.47752806367401,6.194187986414994,True,False
2026-01-16 19:21:58.299096,610.2245700841097,31.629238319315046,68.37076168068495,7.253029068567966,True,False
2026-01-16 20:21:58.299096,634.4341244111213,27.594312598146452,72.40568740185356,7.437802159810903,True,False
2026-01-16 21:21:58.299096,577.1429430802172,37.1428428199638,62.8571571800362,6.640845174862569,True,False
2026-01-16 22:21:58.299096,616.030191847461,30.661634692089834,69.33836530791017,7.388806594316784,True,False
2026-01-16 23:21:58.299096,559.7714227228214,40.0380962128631,59.9619037871369,7.162267649805749,False,False
2026-01-17 00:21:58.299096,493.8821275850475,51.01964540249209,48.98035459750791,6.173438212992175,False,True
2026-01-17 01:21:58.299096,474.94745099271285,54.17542483454786,45.82457516545214,6.801319860895037,False,True
2026-01-17 02:21:58.299096,486.24576693686464,52.29237217718923,47.70762782281077,6.324479949685389,False,True
2026-01-17 03:21:58.299096,480.81771954023765,53.19704674329373,46.80295325670627,6.654998652006797,False,True
2026-01-17 04:21:58.299096,492.07821229602837,51.32029795066193,48.67970204933807,6.898946582207003,False,True
2026-01-17 05:21:58.299096,465.9252607491828,55.67912320846953,44.32087679153047,5.654714329087576,False,True
2026-01-17 06:21:58.299096,457.82709199861154,57.02881800023141,42.97118199976859,4.949426465188397,True,True
2026-01-17 07:21:58.299096,549.8235913762206,41.69606810396323,58.30393189603677,6.093624561009663,True,True
2026-01-17 08:21:58.299096,613.4081681004755,31.098638649920762,68.90136135007924,7.9021919666002205,True,True
2026-01-17 09:21:58.299096,496.8101139546413,50.531647674226456,49.468352325773544,5.915759890321573,True,True
2026-01-17 10:21:58.299096,444.76358742679554,59.206068762200736,40.793931237799264,5.342461250044209,True,True
2026-01-17 11:21:58.299096,441.5209660668114,59.746505655531436,40.253494344468564,5.053515462261926,False,True
2026-01-17 12:21:58.299096,407.4169241344598,65.4305126442567,34.569487355743306,4.0,False,True
2026-01-17 13:21:58.299096,379.7500608340852,70.04165652765246,29.958343472347536,5.115996918506213,False,True
2026-01-17 14:21:58.299096,354.60741592960323,74.23209734506612,25.767902654933877,4.0,False,True
2026-01-17 15:21:58.299096,446.4797515724316,58.92004140459473,41.07995859540527,6.279170068002868,False,True
2026-01-17 16:21:58.299096,516.570389895651,47.23826835072483,52.76173164927517,5.746713284963311,False,True
2026-01-17 17:21:58.299096,536.9241093241324,43.84598177931127,56.15401822068873,6.215738365837063,False,True
2026-01-17 18:21:58.299096,588.1769672610139,35.30383878983101,64.69616121016898,6.169133378215509,True,True
2026-01-17 19:21:58.299096,635.0768957906953,27.487184034884116,72.51281596511589,7.561518398862524,True,True
2026-01-17 20:21:58.299096,578.0399978209209,36.993333696513176,63.006666303486824,6.956122937546668,True,True
2026-01-17 21:21:58.299096,539.2767570338176,43.453873827697066,56.546126172302934,6.189022202840585,True,True
2026-01-17 22:21:58.299096,490.5083496488133,51.58194172519779,48.41805827480221,6.038375474362574,True,True
2026-01-17 23:21:58.299096,462.7547002038993,56.20754996601678,43.79245003398322,5.924095444765902,False,True
2026-01-18 00:21:58.299096,478.0860695607416,53.6523217398764,46.3476782601236,5.26996514816951,False,True
2026-01-18 01:21:58.299096,487.07749786765146,52.15375035539142,47.84624964460858,5.986939245296748,False,True
2026-01-18 02:21:58.299096,477.07426849816557,53.820955250305744,46.179044749694256,5.7254403436905985,False,True
2026-01-18 03:21:58.299096,411.02091551325566,64.82984741445739,35.17015258554261,4.741662380702998,False,True
2026-01-18 04:21:58.299096,514.1946266067205,47.63422889887992,52.36577110112008,6.750333964254902,False,True
2026-01-18 05:21:58.299096,462.9951302101646,56.16747829830591,43.83252170169409,5.9312549413332585,False,True
2026-01-18 06:21:58.299096,580.817187049448,36.53046882509201,63.46953117490799,5.988718625112831,True,True
2026-01-18 07:21:58.299096,515.0939894462822,47.4843350922863,52.5156649077137,5.462030962567366,True,True
2026-01-18 08:21:58.299096,570.58965312213,38.23505781297833,61.76494218702167,7.417072725022747,True,True
2026-01-18 09:21:58.299096,554.4897780168061,40.91837033053232,59.08162966946768,6.915758949169145,True,True
2026-01-18 10:21:58.299096,541.7561242370051,43.04064596049915,56.95935403950085,6.1142272323911255,True,True
2026-01-18 11:21:58.299096,425.61872237472994,62.39687960421168,37.60312039578832,5.665090755254484,False,True
2026-01-18 12:21:58.299096,436.3488538356467,60.608524360725546,39.391475639274454,6.149335654826015,False,True
2026-01-18 13:21:58.299096,425.6660881954002,62.38898530076663,37.61101469923337,5.197974513036788,False,True
2026-01-18 14:21:58.299096,413.536943192345,64.4105094679425,35.589490532057496,4.97099907283909,False,True
2026-01-18 15:21:58.299096,454.29985634123,57.61669060979499,42.38330939020501,5.065646455043302,False,True
2026-01-18 16:21:58.299096,561.1885311524976,39.801911474583726,60.198088525416274,7.2461320149234245,False,True
2026-01-18 17:21:58.299096,546.9208814658313,42.17985308902812,57.82014691097188,6.407639606610786,False,True
2026-01-18 18:21:58.299096,610.5990899384773,31.566818343587123,68.43318165641287,6.790505226524383,True,True
2026-01-18 19:21:58.299096,620.8538428003628,29.8576928666062,70.1423071333938,7.996430218566031,True,True
2026-01-18 20:21:58.299096,594.963891858968,34.172684690172,65.82731530982801,8.142841005311034,True,True
2026-01-18 21:21:58.299096,563.7357759104638,39.377370681589376,60.622629318410624,6.313061963243777,True,True
2026-01-18 22:21:58.299096,488.91417330739733,51.84763778210044,48.15236221789956,6.009357878219654,True,True
2026-01-18 23:21:58.299096,481.6922219600116,53.051296339998075,46.948703660001925,5.998941606240439,False,True
2026-01-19 00:21:58.299096,500.8687673993962,49.855205433433966,50.144794566566034,5.832919537972347,False,False
2026-01-19 01:21:58.299096,494.09987561943615,50.98335406342731,49.01664593657269,6.802864185485822,False,False
2026-01-19 02:21:58.299096,593.0261374132629,34.49564376445618,65.50435623554381,7.052514650075711,False,False
2026-01-19 03:21:58.299096,489.7643568738766,51.70594052102058,48.29405947897942,5.856770461087612,False,False
2026-01-19 04:21:58.299096,504.12050769003775,49.31324871832704,50.68675128167296,5.87245735273661,False,False
2026-01-19 05:21:58.299096,605.9869055255967,32.33551574573388,67.66448425426611,6.785695494149089,False,False
2026-01-19 06:21:58.299096,517.9329576819276,47.01117371967872,52.98882628032128,6.206053577375038,True,False
2026-01-19 07:21:58.299096,591.0840057915456,34.81933236807574,65.18066763192425,6.752369769940887,True,False
2026-01-19 08:21:58.299096,580.5830595009302,36.5694900831783,63.4305099168217,6.686567888378338,True,False
2026-01-19 09:21:58.299096,616.8924727320571,30.517921211323827,69.48207878867618,7.757666928551128,True,False
2026-01-19 10:21:58.299096,533.3903875161707,44.43493541397155,55.56506458602845,7.174734876052859,True,False
2026-01-19 11:21:58.299096,471.7039782087125,54.71600363188125,45.28399636811875,5.195388232452538,False,False
2026-01-19 12:21:58.299096,444.98578139956,59.169036433406674,40.830963566593326,5.085358042331869,False,False
2026-01-19 13:21:58.299096,456.1359920074245,57.31066799876259,42.68933200123741,5.6807732936206365,False,False
2026-01-19 14:21:58.299096,384.1010028169146,69.31649953051424,30.683500469485764,5.73907064373612,False,False
2026-01-19 15:21:58.299096,480.14900987774547,53.30849835370909,46.69150164629091,6.060249730877618,False,False
2026-01-19 16:21:58.299096,528.8720203477874,45.18799660870211,54.81200339129789,6.976484337844748,False,False
2026-01-19 17:21:58.299096,591.0961330948845,34.81731115085258,65.18268884914741,7.029287354910829,False,False
2026-01-19 18:21:58.299096,567.6218137305822,38.729697711569635,61.270302288430365,6.644461554481151,True,False
2026-01-19 19:21:58.299096,600.0611091786384,33.32314847022694,66.67685152977306,7.804182015971823,True,False
2026-01-19 20:21:58.299096,628.0457301331404,28.659044977809934,71.34095502219006,7.250447765726218,True,False
2026-01-19 21:21:58.299096,604.6459753438862,32.559004109352294,67.44099589064771,6.288103093605672,True,False
2026-01-19 22:21:58.299096,507.77881304994844,48.70353115834193,51.29646884165807,6.304238069463514,True,False
2026-01-19 23:21:58.299096,486.44626828641935,52.25895528559678,47.74104471440322,5.387676048835241,False,False
2026-01-20 00:21:58.299096,524.4181024940625,45.93031625098958,54.06968374901042,6.168646166264702,False,False
2026-01-20 01:21:58.299096,517.4390379530182,47.09349367449697,52.90650632550303,6.491462494044211,False,False
2026-01-20 02:21:58.299096,523.0472460528241,46.158792324529315,53.841207675470685,6.216716355495723,False,False
2026-01-20 03:21:58.299096,507.5021510423194,48.74964149294677,51.25035850705323,6.537723069712081,False,False
2026-01-20 04:21:58.299096,469.17564967305594,55.13739172115735,44.86260827884265,5.567403489416816,False,False
2026-01-20 05:21:58.299096,535.8924171662095,44.01793047229842,55.98206952770158,6.302530660462359,False,False
2026-01-20 06:21:58.299096,576.1700948655118,37.30498418908136,62.69501581091864,6.458861444291438,True,False
2026-01-20 07:21:58.299096,579.4099965152934,36.76500058078444,63.23499941921556,7.055196015139502,True,False
2026-01-20 08:21:58.299096,647.0629416731975,25.48950972113374,74.51049027886626,6.899714360717401,True,False
2026-01-20 09:21:58.299096,615.4945792960713,30.75090345065479,69.24909654934521,5.746366711219083,True,False
2026-01-20 10:21:58.299096,502.72259655375876,49.54623390770687,50.45376609229313,5.6566904135335925,True,False
2026-01-20 11:21:58.299096,520.4066420991575,46.59889298347376,53.40110701652624,5.829703500180971,False,False
2026-01-20 12:21:58.299096,445.0891101990998,59.151814966816694,40.848185033183306,5.193943765527949,False,False
2026-01-20 13:21:58.299096,487.35157698982306,52.108070501696155,47.891929498303845,5.28457699806829,False,False
2026-01-20 14:21:58.299096,458.4611256383008,56.92314572694986,43.07685427305014,5.999179058124172,False,False
2026-01-20 15:21:58.299096,475.35105480041295,54.1081575332645,45.8918424667355,5.507266726119342,False,False
2026-01-20 16:21:58.299096,528.0962774641955,45.31728708930075,54.68271291069925,5.890352077221199,False,False
2026-01-20 17:21:58.299096,553.7639372455918,41.03934379240136,58.96065620759864,6.554997815684726,False,False
2026-01-20 18:21:58.299096,601.2221976626168,33.12963372289719,66.87036627710282,7.16964494835019,True,False
2026-01-20 19:21:58.299096,556.1887553952793,40.635207434120126,59.364792565879874,6.150615624342745,True,False
2026-01-20 20:21:58.299096,632.3587800091487,27.940203331808544,72.05979666819145,7.815431522097432,True,False
2026-01-20 21:21:58.299096,636.213456947539,27.297757175410165,72.70224282458983,7.583507676589532,True,False
2026-01-20 22:21:58.299096,529.7960668187245,45.033988863545915,54.966011136454085,5.305393733246296,True,False
2026-01-20 23:21:58.299096,516.8310673170095,47.194822113831755,52.805177886168245,7.107099758199069,False,False
2026-01-21 00:21:58.299096,487.1885019192194,52.1352496801301,47.8647503198699,5.784528310525784,False,False
2026-01-21 01:21:58.299096,499.48085262227085,50.08652456295486,49.91347543704514,5.474774241086416,False,False
2026-01-21 02:21:58.299096,471.9598076265629,54.67336539557285,45.32663460442715,6.436972075193624,False,False
2026-01-21 03:21:58.299096,525.7701208237987,45.70497986270021,54.29502013729979,5.401085438867006,False,False
2026-01-21 04:21:58.299096,502.4333330938486,49.59444448435857,50.40555551564143,5.525621069851247,False,False
2026-01-21 05:21:58.299096,574.7905700118898,37.53490499801836,62.46509500198164,6.709717631729574,False,False
2026-01-21 06:21:58.299096,542.0215717683003,42.99640470528329,57.00359529471671,6.083814194836604,True,False
2026-01-21 07:21:58.299096,601.1688633589839,33.13852277350268,66.86147722649733,7.847438904255444,True,False
2026-01-21 08:21:58.299096,567.8387631238855,38.69353947935241,61.30646052064759,6.78519128746378,True,False
2026-01-21 09:21:58.299096,592.2285320235524,34.628577996074604,65.3714220039254,7.1846342678463735,True,False
2026-01-21 10:21:58.299096,575.9557034785988,37.340716086900194,62.659283913099806,6.8831833845096435,True,False
2026-01-21 11:21:58.299096,495.98057598412953,50.66990400264508,49.33009599735492,5.488342688796384,False,False
2026-01-21 12:21:58.299096,420.30494635350306,63.282508941082824,36.717491058917176,5.774486477977279,False,False
2026-01-21 13:21:58.299096,403.2676662328299,66.12205562786168,33.877944372138316,5.2670784401090485,False,False
2026-01-21 14:21:58.299096,345.79761604103396,75.70039732649434,24.29960267350566,4.251986954375977,False,False
2026-01-21 15:21:58.299096,474.2814087430223,54.28643187616294,45.71356812383706,5.568032462858431,False,False
2026-01-21 16:21:58.299096,543.5435957480281,42.74273404199531,57.25726595800469,6.875679040923041,False,False
2026-01-21 17:21:58.299096,557.8219913515245,40.363001441412585,59.636998558587415,6.176796349595469,False,False
2026-01-21 18:21:58.299096,631.1058945603637,28.149017573272715,71.85098242672728,7.3853749448821375,True,False
2026-01-21 19:21:58.299096,621.571827282135,29.73802878631083,70.26197121368916,7.147890702367422,True,False
2026-01-21 20:21:58.299096,585.1576611772373,35.80705647046045,64.19294352953955,7.153839315051654,True,False
2026-01-21 21:21:58.299096,617.8094797488407,30.365086708526555,69.63491329147345,6.3985934372063085,True,False
2026-01-21 22:21:58.299096,543.1480765176523,42.808653913724626,57.191346086275374,6.601322103825696,True,False
2026-01-21 23:21:58.299096,465.69282539950234,55.71786243341628,44.28213756658372,5.669429021277065,False,False
2026-01-22 00:21:58.299096,487.48790563223884,52.08534906129353,47.91465093870647,5.581822901920668,False,False
2026-01-22 01:21:58.299096,483.1555240039619,52.80741266600635,47.19258733399365,5.462333975415976,False,False
2026-01-22 02:21:58.299096,483.94151926108964,52.67641345648506,47.32358654351494,7.2326829994834165,False,False
2026-01-22 03:21:58.299096,490.96466996051004,51.505888339914996,48.494111660085004,6.907501622615232,False,False
2026-01-22 04:21:58.299096,507.58513585157084,48.73581069140486,51.26418930859514,6.038461062970347,False,False
2026-01-22 05:21:58.299096,520.3400774243048,46.6099870959492,53.3900129040508,5.879774111931872,False,False
2026-01-22 06:21:58.299096,483.77042681664864,52.70492886389189,47.29507113610811,5.468877256886497,True,False
2026-01-22 07:21:58.299096,536.395700721621,43.934049879729834,56.065950120270166,6.312899055985544,True,False
2026-01-22 08:21:58.299096,595.2697194430107,34.12171342616489,65.87828657383511,6.6538704984199635,True,False
2026-01-22 09:21:58.299096,586.6248410879527,35.56252648534121,64.43747351465879,6.398409183145942,True,False
2026-01-22 10:21:58.299096,502.74767070040014,49.54205488326664,50.45794511673336,5.983270395056588,True,False
2026-01-22 11:21:58.299096,498.97537865732863,50.17077022377856,49.82922977622144,5.647521997310629,False,False
2026-01-22 12:21:58.299096,475.46695621667317,54.08884063055448,45.91115936944552,6.349333618433157,False,False
2026-01-22 13:21:58.299096,465.04679823470326,55.82553362754945,44.17446637245055,6.570603725156423,False,False
2026-01-22 14:21:58.299096,489.81855077598453,51.696908204002575,48.303091795997425,6.060470030784954,False,False
2026-01-22 15:21:58.299096,472.2831437533829,54.61947604110286,45.38052395889714,6.252910830160705,False,False
2026-01-22 16:21:58.299096,474.1226415905631,54.31289306823949,45.68710693176051,5.48799918712711,False,False
2026-01-22 17:21:58.299096,540.1113664846706,43.3147722525549,56.6852277474451,6.163440083817415,False,False
2026-01-22 18:21:58.299096,628.6837144271428,28.552714262142864,71.44728573785713,7.0204425263404575,True,False
2026-01-22 19:21:58.299096,614.3644063293697,30.939265611771727,69.06073438822827,7.902793189451185,True,False
2026-01-22 20:21:58.299096,665.0158326972785,22.49736121712025,77.50263878287976,7.5583055419676715,True,False
2026-01-22 21:21:58.299096,540.368520050935,43.27191332484417,56.72808667515583,6.563678063584301,True,False
2026-01-22 22:21:58.299096,573.933571165954,37.67773813900766,62.32226186099234,6.620743884068731,True,False
2026-01-22 23:21:58.299096,491.19766426166456,51.46705595638924,48.53294404361076,5.900689350294706,False,False
2026-01-23 00:21:58.299096,478.3083850758902,53.6152691540183,46.3847308459817,5.2036951966385265,False,False
2026-01-23 01:21:58.299096,479.0028964507618,53.49951725820637,46.50048274179363,4.87584779991784,False,False
2026-01-23 02:21:58.299096,533.7805025755246,44.369916237412575,55.630083762587425,6.365189517988045,False,False
2026-01-23 03:21:58.299096,493.8834155721463,51.01943073797561,48.98056926202439,5.543131335624041,False,False
2026-01-23 04:21:58.299096,511.1855698828894,48.13573835285177,51.86426164714823,6.7113201463558205,False,False
2026-01-23 05:21:58.299096,440.1358130772097,59.97736448713171,40.02263551286829,4.488084299007265,False,False
2026-01-23 06:21:58.299096,583.4060152696741,36.098997455054324,63.901002544945676,6.220105585359353,True,False
2026-01-23 07:21:58.299096,538.8094134291899,43.53176442846834,56.46823557153166,6.931016831183554,True,False
2026-01-23 08:21:58.299096,570.5410475391027,38.24315874348289,61.75684125651711,6.244460503857462,True,False
2026-01-23 09:21:58.299096,612.6829889024509,31.219501849591513,68.78049815040849,6.958641111463842,True,False
2026-01-23 10:21:58.299096,546.4066376308692,42.26556039485513,57.73443960514487,6.2668989972152644,True,False
2026-01-23 11:21:58.299096,511.53283655561563,48.077860574064054,51.922139425935946,6.307368778945175,False,False
2026-01-23 12:21:58.299096,425.49543707752156,62.41742715374641,37.58257284625359,5.118420033626479,False,False
2026-01-23 13:21:58.299096,437.73671365009824,60.37721439165029,39.62278560834971,5.714537356891831,False,False
2026-01-23 14:21:58.299096,417.1804986530243,63.803250224495955,36.196749775504045,5.3362069418606115,False,False
2026-01-23 15:21:58.299096,509.25571216160904,48.457381306398496,51.542618693601504,5.689070355028895,False,False
2026-01-23 16:21:58.299096,542.56429570568,42.905950715719996,57.094049284280004,6.521141247257954,False,False
2026-01-23 17:21:58.299096,534.3363268719341,44.27727885467764,55.72272114532236,5.9185816894535215,False,False
2026-01-23 18:21:58.299096,619.088707128693,30.151882145217822,69.84811785478217,6.873479760408487,True,False
2026-01-23 19:21:58.299096,590.5112382623456,34.9147936229424,65.0852063770576,7.325377283958752,True,False
2026-01-23 20:21:58.299096,607.7010515251512,32.04982474580813,67.95017525419186,6.391247010526594,True,False
2026-01-23 21:21:58.299096,546.4703889594775,42.254935173420414,57.745064826579586,6.892117456393882,True,False
2026-01-23 22:21:58.299096,566.670504578483,38.88824923691949,61.11175076308051,6.043947272116014,True,False
2026-01-23 23:21:58.299096,527.206918151309,45.46551364144851,54.53448635855149,6.549448360204369,False,False
2026-01-24 00:21:58.299096,436.7555152287223,60.54074746187962,39.45925253812038,5.165125705416303,False,True
2026-01-24 01:21:58.299096,481.6785625055169,53.053572915747196,46.946427084252804,6.06569746481006,False,True
2026-01-24 02:21:58.299096,496.247485551694,50.62541907471767,49.37458092528233,6.784083567675947,False,True
2026-01-24 03:21:58.299096,470.76316850863236,54.87280524856127,45.12719475143873,6.068317995268251,False,True
2026-01-24 04:21:58.299096,524.0623886064186,45.98960189893023,54.01039810106977,6.121258623011376,False,True
2026-01-24 05:21:58.299096,439.4343323628572,60.0942779395238,39.9057220604762,4.728083565567288,False,True
2026-01-24 06:21:58.299096,541.162815003384,43.139530832769324,56.860469167230676,6.084798853720344,True,True
2026-01-24 07:21:58.299096,539.5915941664331,43.40140097226115,56.59859902773885,6.900140024867733,True,True
2026-01-24 08:21:58.299096,615.0188489084154,30.830191848597433,69.16980815140256,6.971558928713382,True,True
2026-01-24 09:21:58.299096,573.9142175398415,37.680963743359754,62.319036256640246,6.543935522206123,True,True
2026-01-24 10:21:58.299096,525.6220642156118,45.729655964064705,54.270344035935295,6.60137402808972,True,True
2026-01-24 11:21:58.299096,457.1706172021078,57.13823046631536,42.86176953368464,6.654507208356136,False,True
2026-01-24 12:21:58.299096,433.79098204855603,61.03483632524066,38.96516367475934,6.589259413103194,False,True
2026-01-24 13:21:58.299096,413.72948151155606,64.378419748074,35.621580251926005,5.1239763260704425,False,True
2026-01-24 14:21:58.299096,409.26544305601203,65.12242615733132,34.87757384266868,4.795402164127097,False,True
2026-01-24 15:21:58.299096,460.84782296758567,56.525362838735724,43.474637161264276,5.421039481046681,False,True
2026-01-24 16:21:58.299096,500.1801394089271,49.969976765178814,50.030023234821186,7.215539237075069,False,True
2026-01-24 17:21:58.299096,524.8853016928747,45.85244971785421,54.14755028214579,6.701476557913897,False,True
2026-01-24 18:21:58.299096,546.9082826712414,42.18195288812643,57.81804711187357,6.642606568772512,True,True
2026-01-24 19:21:58.299096,546.5276357112376,42.24539404812706,57.75460595187294,6.184141653108357,True,True
2026-01-24 20:21:58.299096,548.6537722467851,41.89103795886915,58.10896204113085,6.205862035458052,True,True
2026-01-24 21:21:58.299096,547.2668659625905,42.12218900623492,57.87781099376508,6.1592012682251225,True,True
2026-01-24 22:21:58.299096,487.12162532003333,52.14639577999445,47.85360422000555,6.431830612341368,True,True
2026-01-24 23:21:58.299096,446.34839779291997,58.941933701180005,41.058066298819995,6.112545953092094,False,True
2026-01-25 00:21:58.299096,437.53624390292686,60.41062601617886,39.58937398382114,5.825212180461061,False,True
2026-01-25 01:21:58.299096,478.4572300129571,53.59046166450715,46.40953833549285,5.560412822430738,False,True
2026-01-25 02:21:58.299096,486.81582125922245,52.19736312346293,47.80263687653707,6.135639517153747,False,True
2026-01-25 03:21:58.299096,494.5771444952894,50.9038092507851,49.0961907492149,5.529775028035039,False,True
2026-01-25 04:21:58.299096,485.41659983919163,52.43056669346806,47.56943330653194,5.56841007588722,False,True
2026-01-25 05:21:58.299096,612.9007135525923,31.183214407901293,68.81678559209871,6.127981325290524,False,True
2026-01-25 06:21:58.299096,571.4924516817099,38.08459138638168,61.91540861361832,6.212406576154178,True,True
2026-01-25 07:21:58.299096,545.8599968564281,42.35666719059532,57.64333280940468,6.719872360507851,True,True
2026-01-25 08:21:58.299096,594.1928025521796,34.30119957463673,65.69880042536326,6.638626465075719,True,True
2026-01-25 09:21:58.299096,548.5473158261348,41.90878069564421,58.09121930435579,5.785372879333558,True,True
2026-01-25 10:21:58.299096,510.61985516639993,48.230024138933345,51.769975861066655,5.840492422725029,True,True
2026-01-25 11:21:58.299096,455.4963135020329,57.41728108299452,42.58271891700548,5.929127107973029,False,True
2026-01-25 12:21:58.299096,403.031343221811,66.16144279636482,33.838557203635176,4.667873130386326,False,True
2026-01-25 13:21:58.299096,389.1720679291176,68.47132201181374,31.52867798818626,5.196531773808321,False,True
2026-01-25 14:21:58.299096,368.2957634950845,71.9507060841526,28.0492939158474,4.0,False,True
2026-01-25 15:21:58.299096,464.37370273253146,55.93771621124476,44.06228378875524,5.399477189612136,False,True
2026-01-25 16:21:58.299096,518.091406135101,46.98476564414983,53.01523435585017,6.093691370498458,False,True
2026-01-25 17:21:58.299096,562.786876432619,39.5355205945635,60.4644794054365,6.149284203980061,False,True
2026-01-25 18:21:58.299096,571.1978996676576,38.13368338872374,61.86631661127626,6.531492073119216,True,True
2026-01-25 19:21:58.299096,621.5447565902562,29.742540568290643,70.25745943170935,7.798760222595479,True,True
2026-01-25 20:21:58.299096,592.2501633070582,34.62497278215697,65.37502721784303,7.101601558558037,True,True
2026-01-25 21:21:58.299096,493.1261662978579,51.14563895035702,48.85436104964298,5.843337170989771,True,True
2026-01-25 22:21:58.299096,470.93476942787055,54.8442050953549,45.1557949046451,5.601613472134595,True,True
2026-01-25 23:21:58.299096,484.58326579064675,52.56945570155887,47.43054429844113,6.256977577893722,False,True
2026-01-26 00:21:58.299096,461.15533520178565,56.474110799702395,43.525889200297605,5.9374314174194405,False,False
2026-01-26 01:21:58.299096,530.7592922280186,44.873451295330234,55.126548704669766,6.218662118444081,False,False
2026-01-26 02:21:58.299096,493.3515301789156,51.10807830351407,48.89192169648593,5.536919173534715,False,False
2026-01-26 03:21:58.299096,506.65878135322134,48.890203107796445,51.109796892203555,5.82509654248227,False,False
2026-01-26 04:21:58.299096,559.7801050795779,40.036649153403694,59.963350846596306,6.5647445689279165,False,False
2026-01-26 05:21:58.299096,508.0674882359398,48.65541862734337,51.34458137265663,5.112928654780562,False,False
2026-01-26 06:21:58.299096,577.5621506854443,37.07297488575928,62.92702511424072,6.991892347593958,True,False
2026-01-26 07:21:58.299096,565.3443152495191,39.10928079174681,60.89071920825319,6.344432546451371,True,False
2026-01-26 08:21:58.299096,591.5267687094359,34.74553854842735,65.25446145157265,7.257947189360548,True,False
2026-01-26 09:21:58.299096,595.8080598621511,34.03199002297481,65.96800997702519,7.751941590305926,True,False
