timestamp,temperature,humidity,cloud_cover,wind_speed,solar_radiation_proxy,is_daylight
2025-12-27 10:21:58.289526,30.05503644947295,52.558737998281735,99.54680060728622,1.9564572527153388,0.004531993927137847,True
2025-12-27 11:21:58.289526,32.68752232808811,52.149601136786806,97.28481192602051,3.666700156533461,0.027151880739794906,True
2025-12-27 12:21:58.289526,34.3091039882053,53.498699705300055,97.40352966524532,2.455298693999379,0.025964703347546844,True
2025-12-27 13:21:58.289526,32.6478250377795,52.68761839046068,2.5218114385611416,2.6562210142305407,0.9747818856143886,True
2025-12-27 14:21:58.289526,34.136104246517256,51.09299382693236,76.07794247380846,5.764117629628844,0.23922057526191537,True
2025-12-27 15:21:58.289526,29.576395081397653,63.64639489415628,78.71754287974379,5.504602393696787,0.21282457120256212,True
2025-12-27 16:21:58.289526,24.92792133861076,73.1250316542526,83.02994482056819,2.5009391879515084,0.1697005517943181,True
2025-12-27 17:21:58.289526,27.24069582304402,67.03203460350697,84.58228780634401,4.80527192637133,0.15417712193655986,True
2025-12-27 18:21:58.289526,23.48966588570859,64.11913590040612,81.57885484530368,3.8743349326107355,0.1842114515469632,True
2025-12-27 19:21:58.289526,20.644368043750262,74.65257924027125,68.88471649874418,4.429834122857803,0.0,False
2025-12-27 20:21:58.289526,20.808694241275756,77.08446494365741,58.445267652655396,4.551841292789683,0.0,False
2025-12-27 21:21:58.289526,20.682059453875432,77.09382307190178,74.71802136165812,5.209431685148433,0.0,False
2025-12-27 22:21:58.289526,17.172985263940284,82.79210717058938,76.81476500217352,4.92016493731253,0.0,False
2025-12-27 23:21:58.289526,17.75428615284749,81.49465395338481,66.39000581819165,3.211617144363858,0.0,False
2025-12-28 00:21:58.289526,16.908052014605538,87.3730326804718,69.10325456508731,2.1760462470568522,0.0,False
2025-12-28 01:21:58.289526,13.611043810846589,95.0,47.664150974084016,3.8958121819098723,0.0,False
2025-12-28 02:21:58.289526,19.043554420827785,81.26483883084792,53.5537839122335,2.244807679960328,0.0,False
2025-12-28 03:21:58.289526,16.61757207826295,79.66392175091978,62.024349528842805,2.2939857154867123,0.0,False
2025-12-28 04:21:58.289526,22.127184365857318,82.23423183567895,79.38624965420942,1.2226493227972832,0.0,False
2025-12-28 05:21:58.289526,23.954260371868752,83.11670420810594,86.61689327499789,2.615740593236004,0.0,False
2025-12-28 06:21:58.289526,22.68103951980882,78.10933226332484,86.30508239109986,3.6930574075243747,0.13694917608900142,True
2025-12-28 07:21:58.289526,27.476440190205544,55.71415931020479,84.47645084515757,1.7674106961096947,0.15523549154842428,True
2025-12-28 08:21:58.289526,26.314778226213303,67.56113540777008,77.47332468335227,2.5416491212653125,0.22526675316647726,True
2025-12-28 09:21:58.289526,32.18503148201959,55.8295621061552,63.51848187016696,4.196559530980342,0.3648151812983304,True
2025-12-28 10:21:58.289526,30.143668930260233,63.125886119454705,69.85944838587885,2.854915525162583,0.3014055161412115,True
2025-12-28 11:21:58.289526,33.213687381420606,51.66685732112651,89.8029122937836,1.5461499937813703,0.10197087706216394,True
2025-12-28 12:21:58.289526,32.52588348461564,46.62399093103788,84.30639558240065,3.870507673048028,0.15693604417599347,True
2025-12-28 13:21:58.289526,31.94156463800915,55.80153218259466,84.62801388710002,3.479485071294359,0.15371986112899974,True
2025-12-28 14:21:58.289526,33.33463410308698,51.56689579042399,61.68463040339137,4.1178102222878294,0.38315369596608634,True
2025-12-28 15:21:58.289526,30.840292345429564,59.813307970349655,55.138947519033294,4.470248929092366,0.44861052480966707,True
2025-12-28 16:21:58.289526,25.981232494401894,64.80356259851446,72.3876730294662,2.7137175173876114,0.276123269705338,True
2025-12-28 17:21:58.289526,29.0204013397133,61.37259903199679,59.16846583137042,2.659391325943074,0.4083153416862958,True
2025-12-28 18:21:58.289526,21.905465763632375,73.65772881897621,54.55050777744546,3.2572657611712255,0.4544949222255454,True
2025-12-28 19:21:58.289526,23.123993936557014,76.7139234713766,62.86494515987573,4.053851508273623,0.0,False
2025-12-28 20:21:58.289526,22.855727405739675,69.44681665702535,58.05115802843427,6.53720529246268,0.0,False
2025-12-28 21:21:58.289526,16.708814338804267,91.52435801472603,78.8280484008255,3.8592428401023797,0.0,False
2025-12-28 22:21:58.289526,20.295033890964024,82.24073605397778,89.0084166200026,4.679254838581752,0.0,False
2025-12-28 23:21:58.289526,18.187283832551998,91.13375028665638,78.93941928838038,5.707688865402796,0.0,False
2025-12-29 00:21:58.289526,16.906516456875814,84.38064889924351,68.30276270705033,2.6412016237938536,0.0,False
2025-12-29 01:21:58.289526,15.288068787835341,95.0,70.3937675006489,3.1776954675502385,0.0,False
2025-12-29 02:21:58.289526,16.196682275779253,73.16717268860154,62.67851658873246,3.49266748756624,0.0,False
2025-12-29 03:21:58.289526,19.22612962964721,90.16046039312099,69.00897745636115,2.895367196113978,0.0,False
2025-12-29 04:21:58.289526,25.435702118332163,75.3907422845574,58.260801027636916,1.5500235503287658,0.0,False
2025-12-29 05:21:58.289526,24.811048085559904,59.92134385616479,53.20327179198297,2.205012525362127,0.0,False
2025-12-29 06:21:58.289526,23.356375354495466,74.51843474268617,71.37754015935118,3.7100943667538218,0.2862245984064882,True
2025-12-29 07:21:58.289526,29.268815130175113,57.557651877837564,73.71978603657575,1.7699536074747475,0.2628021396342424,True
2025-12-29 08:21:58.289526,27.29032619648945,65.49627812658309,75.11834414278084,1.3346719942861558,0.2488165585721916,True
2025-12-29 09:21:58.289526,31.974566042237495,65.71873474175504,84.2156428355205,5.4348826790891405,0.157843571644795,True
2025-12-29 10:21:58.289526,31.448473935276745,55.800691998772315,88.96656113921519,4.3280643901041564,0.11033438860784812,True
2025-12-29 11:21:58.289526,31.516805629091444,54.83726197824044,8.94275559801898,2.822437309065476,0.9105724440198102,True
2025-12-29 12:21:58.289526,33.54763408820392,56.71607715298434,92.76673343911676,2.5648365614063344,0.07233266560883238,True
2025-12-29 13:21:58.289526,33.933902877158175,47.27035414227458,96.72039626424619,2.0462742536130154,0.032796037357538096,True
2025-12-29 14:21:58.289526,27.793291988682626,68.03293375870818,95.77636122112658,4.554850155316577,0.04223638778873422,True
2025-12-29 15:21:58.289526,29.644944910501916,61.23210710233574,84.99889279273116,5.120512461532426,0.15001107207268846,True
2025-12-29 16:21:58.289526,26.766353972595585,61.497901709650144,66.55628602372225,3.5498762644618034,0.3344371397627775,True
2025-12-29 17:21:58.289526,28.79899305847545,51.838955648477466,79.48915066153255,4.212644661536298,0.20510849338467452,True
2025-12-29 18:21:58.289526,24.746873880763086,78.96867981084219,72.69612968689528,4.800472289760958,0.2730387031310472,True
2025-12-29 19:21:58.289526,19.11576621999459,86.79337212787883,72.23440636090169,3.7615316495524547,0.0,False
2025-12-29 20:21:58.289526,20.332456049283415,80.91072808257606,65.57553561039776,3.6867707293253806,0.0,False
2025-12-29 21:21:58.289526,19.335718986697362,74.5631022853639,69.17320267695361,3.9790709527637795,0.0,False
2025-12-29 22:21:58.289526,16.65674358740692,89.21211346857336,59.680400821847265,4.959407861771491,0.0,False
2025-12-29 23:21:58.289526,19.156634435033162,85.37340637993907,37.0819432409004,2.630535637799588,0.0,False
2025-12-30 00:21:58.289526,20.376254206746506,85.5719663831592,55.734419983622004,0.8825371639371942,0.0,False
2025-12-30 01:21:58.289526,17.591090602423552,81.52365576057502,65.41188547454645,3.3222250666480715,0.0,False
2025-12-30 02:21:58.289526,16.065943515338322,83.97858871051707,68.23393272995945,3.580853305242833,0.0,False
2025-12-30 03:21:58.289526,20.301190339423,82.4614430781509,83.2576770129559,0.5568672900042804,0.0,False
2025-12-30 04:21:58.289526,18.86841616718288,76.00803359085421,72.61765371060045,1.301802484488299,0.0,False
2025-12-30 05:21:58.289526,25.143885925274272,67.04225612124253,82.99360760390039,3.3860948014090315,0.0,False
2025-12-30 06:21:58.289526,25.064565348112282,63.39210033327148,72.09233396618222,4.147275287823012,0.27907666033817774,True
2025-12-30 07:21:58.289526,24.720502399084932,76.14720402232243,87.56624012174453,3.563356957851068,0.12433759878255472,True
2025-12-30 08:21:58.289526,27.710878567307226,67.11632062324965,89.79496130295375,3.5345599202486175,0.10205038697046248,True
2025-12-30 09:21:58.289526,29.83427150121831,53.40139615827445,96.5847705771284,2.3330685291611246,0.034152294228716046,True
2025-12-30 10:21:58.289526,33.58768366600721,59.844631684122334,1.6682674076986848,3.52498633447979,0.9833173259230132,True
2025-12-30 11:21:58.289526,35.47186262409973,47.53475424904052,6.424084397917263,4.770545159708171,0.9357591560208273,True
2025-12-30 12:21:58.289526,35.24512187232705,58.02134939231661,5.147536394867833,5.059525505875968,0.9485246360513218,True
2025-12-30 13:21:58.289526,30.809891162887588,49.54066852238391,10.366892289479843,3.692694168091769,0.8963310771052017,True
2025-12-30 14:21:58.289526,31.905341129402633,49.82711047225816,31.4873539369855,4.533787696965492,0.685126460630145,True
2025-12-30 15:21:58.289526,33.64120603389609,58.37619916780363,30.288042973911246,3.007666088932552,0.6971195702608876,True
2025-12-30 16:21:58.289526,31.697360342497696,60.506449044547715,26.135359053125665,3.1618395134414556,0.7386464094687433,True
2025-12-30 17:21:58.289526,30.28911810051192,64.95916882383167,33.64182668878902,3.7982107872339816,0.6635817331121098,True
2025-12-30 18:21:58.289526,27.845232454672985,72.40417722742744,34.148359129712766,5.5190459884100616,0.6585164087028724,True
2025-12-30 19:21:58.289526,21.010101650022786,80.562145003913,32.07791695276608,4.619154752380758,0.0,False
2025-12-30 20:21:58.289526,18.920874824592527,78.79825118940286,71.4901054809008,5.635349114175467,0.0,False
2025-12-30 21:21:58.289526,23.41109622148178,79.4989429255978,74.56831365958365,3.4536812077425365,0.0,False
2025-12-30 22:21:58.289526,18.037476997025134,79.86752022329686,88.84664462114063,6.256992525551238,0.0,False
2025-12-30 23:21:58.289526,18.582365346181657,79.41315206650074,12.208210078376766,6.910030549606086,0.0,False
2025-12-31 00:21:58.289526,14.604868711348216,95.0,23.972874745766745,1.966847734867225,0.0,False
2025-12-31 01:21:58.289526,14.64291546062851,84.81857642618255,24.709640120819543,2.4794564114029143,0.0,False
2025-12-31 02:21:58.289526,20.153116740707723,86.6618498632698,31.020594521806686,2.1614605827592426,0.0,False
2025-12-31 03:21:58.289526,17.4590138094301,86.93802226880906,39.941592217867054,0.3008214126410662,0.0,False
2025-12-31 04:21:58.289526,21.178541465088443,83.76238951491078,40.911186621468175,2.7795419651343742,0.0,False
2025-12-31 05:21:58.289526,24.284357150216415,62.678008220288326,36.03226278167412,3.516652605690137,0.0,False
2025-12-31 06:21:58.289526,24.213309294885825,63.65083915925607,22.386181876367104,3.4281537521413226,0.7761381812363289,True
2025-12-31 07:21:58.289526,22.730645629888006,71.86622534011049,32.911413305397076,2.7208765561091846,0.6708858669460293,True
2025-12-31 08:21:58.289526,27.539699911826506,66.51856265999805,45.60780537296577,5.5652876971538525,0.5439219462703423,True
2025-12-31 09:21:58.289526,30.52425143366283,64.25746364132944,50.995694754473334,4.43717645678969,0.49004305245526664,True
2025-12-31 10:21:58.289526,33.79467450424495,52.97131572003186,50.942161644620455,2.32837625078685,0.49057838355379546,True
2025-12-31 11:21:58.289526,32.71104939893673,57.04017974847978,59.609151000967614,5.044686368993156,0.40390848999032386,True
2025-12-31 12:21:58.289526,33.91869225840272,54.40423436036955,51.0072219813199,2.6885933190426106,0.489927780186801,True
2025-12-31 13:21:58.289526,31.74089999530336,50.17575572466359,49.73387313766611,3.0805476555327167,0.5026612686233389,True
2025-12-31 14:21:58.289526,31.390441280619086,45.007234941702656,52.485029561445174,5.846919644707871,0.47514970438554827,True
2025-12-31 15:21:58.289526,33.76003690802469,57.391419911092214,49.27796365009769,3.489348743402412,0.5072203634990231,True
2025-12-31 16:21:58.289526,31.63798037277473,58.22541331252124,68.7675768940679,4.401769153811024,0.312324231059321,True
2025-12-31 17:21:58.289526,26.618710253935255,64.61132453879185,56.88006084276287,4.436367843632776,0.43119939157237125,True
2025-12-31 18:21:58.289526,23.73807447469408,69.94221451054408,70.39722268387825,4.113786164407778,0.2960277731612175,True
2025-12-31 19:21:58.289526,21.60690654771689,85.60047255513629,59.4189631064111,4.517254932570196,0.0,False
2025-12-31 20:21:58.289526,20.316164006991166,76.95505834792698,40.87367580083762,3.8148128012280917,0.0,False
2025-12-31 21:21:58.289526,23.384958450906694,76.8566035305708,44.253350448610945,4.428726508022641,0.0,False
2025-12-31 22:21:58.289526,21.407088021207667,80.47792884115655,35.985139960998765,4.292114664037502,0.0,False
2025-12-31 23:21:58.289526,13.979706870571789,95.0,51.9867985362736,4.526693258524272,0.0,False
2026-01-01 00:21:58.289526,18.638701241314408,83.98110474882198,39.82983044120044,0.8274758603907086,0.0,False
2026-01-01 01:21:58.289526,18.04238676121835,71.60146587084691,32.804739517943375,0.6553410192366464,0.0,False
2026-01-01 02:21:58.289526,19.650177126387575,71.34287245358757,26.61543271611049,2.0053927821896407,0.0,False
2026-01-01 03:21:58.289526,19.60206963397168,73.41853078362216,23.034083756028807,2.3328697978026374,0.0,False
2026-01-01 04:21:58.289526,24.012026925027246,68.55515214495287,22.426409802481842,3.976474344109623,0.0,False
2026-01-01 05:21:58.289526,22.843004673475427,71.36311246750061,10.068731103149915,3.7899328491097233,0.0,False
2026-01-01 06:21:58.289526,28.087482117699537,69.68236475073435,4.2166859495679745,2.3566404440032493,0.9578331405043202,True
2026-01-01 07:21:58.289526,28.209606111279836,64.32231555024785,13.310989367100262,2.9331648402454253,0.8668901063289973,True
2026-01-01 08:21:58.289526,27.420182865193542,56.894542082410545,10.300088045842443,4.041214487956195,0.8969991195415755,True
2026-01-01 09:21:58.289526,29.754415626187683,55.343620637229535,2.7554597981734332,4.1268385192618755,0.9724454020182657,True
2026-01-01 10:21:58.289526,30.451089710382917,51.598519687386684,13.152884285308758,3.8982158237903715,0.8684711571469124,True
2026-01-01 11:21:58.289526,31.4403045490619,59.50373034269587,19.276284381822705,4.123644751547438,0.8072371561817729,True
2026-01-01 12:21:58.289526,37.342261364499166,43.2112627792299,16.8435208491523,4.697410946209462,0.8315647915084771,True
2026-01-01 13:21:58.289526,28.193746621738583,67.44724948715475,16.733730381085053,3.070470181276093,0.8326626961891495,True
2026-01-01 14:21:58.289526,35.66736083270003,45.326420275895536,34.73239425299175,4.6438988750581585,0.6526760574700825,True
2026-01-01 15:21:58.289526,29.413141494014297,47.69542966929815,38.7307763090767,5.139241503042516,0.612692236909233,True
2026-01-01 16:21:58.289526,32.357384896463294,54.60169092256746,49.26383415281683,3.4988401537263316,0.5073616584718317,True
2026-01-01 17:21:58.289526,22.056482240732553,81.0488876619672,58.0734871863759,2.7614436529405806,0.419265128136241,True
2026-01-01 18:21:58.289526,25.70713088433899,67.23940045046999,53.05583252621446,3.9031074432421757,0.4694416747378554,True
2026-01-01 19:21:58.289526,23.873228722919322,78.9408972856453,42.27248546306848,4.855488941096124,0.0,False
2026-01-01 20:21:58.289526,19.54644680985259,78.0665396589121,38.73717513401084,5.678859051726058,0.0,False
2026-01-01 21:21:58.289526,17.87272348955116,85.0393729234206,34.00870334570999,4.42918917061231,0.0,False
2026-01-01 22:21:58.289526,17.217111558079434,88.60816830267923,42.94434119146064,4.020906081719839,0.0,False
2026-01-01 23:21:58.289526,16.15358449628117,93.98466290481083,41.87496097630412,3.625203882095518,0.0,False
2026-01-02 00:21:58.289526,15.881403350749451,78.93742040967632,38.834593017062275,1.7866631227118095,0.0,False
2026-01-02 01:21:58.289526,12.810028395178255,93.3551435265994,38.445677995404765,4.080741865003709,0.0,False
2026-01-02 02:21:58.289526,19.060158103239043,81.9037331918375,39.19574752901727,2.114716607046625,0.0,False
2026-01-02 03:21:58.289526,19.007552369852547,76.7703444108097,37.21258123660158,3.171275430142711,0.0,False
2026-01-02 04:21:58.289526,19.944408386529588,76.07917562502976,34.552390456727125,2.4633218652569324,0.0,False
2026-01-02 05:21:58.289526,24.583696197777876,71.32476548406451,36.11040713514669,3.4272263025713148,0.0,False
2026-01-02 06:21:58.289526,26.36789909402296,64.2244874427411,47.14054930040439,3.520077506668934,0.5285945069959561,True
2026-01-02 07:21:58.289526,27.104069124210014,62.43024450544359,45.25289409581143,5.008646778863181,0.5474710590418858,True
2026-01-02 08:21:58.289526,26.56602566870545,60.37860911140348,42.5401989308302,3.4603834844381156,0.574598010691698,True
2026-01-02 09:21:58.289526,30.204702736831525,62.140709463409635,34.97916853022943,3.400124624519359,0.6502083146977057,True
2026-01-02 10:21:58.289526,35.855509492437626,46.914340873459146,32.72973652192201,2.840339784669778,0.67270263478078,True
2026-01-02 11:21:58.289526,33.73570161761709,53.42562721752399,38.27832673163806,2.497632264052677,0.6172167326836194,True
2026-01-02 12:21:58.289526,32.11442285945197,52.10435208669644,24.26774419703233,4.028195799169113,0.7573225580296767,True
2026-01-02 13:21:58.289526,31.826662672635383,60.81223403624755,30.67051365389017,3.57508970136663,0.6932948634610984,True
2026-01-02 14:21:58.289526,30.001670946543836,57.01130510651301,41.91563931472538,3.114753047852636,0.5808436068527462,True
2026-01-02 15:21:58.289526,30.840014658630288,53.14508881466913,61.50338642661737,3.528396110829124,0.3849661357338263,True
2026-01-02 16:21:58.289526,27.895746318027914,63.9813885202049,58.515998438829,4.3613625252827495,0.41484001561170997,True
2026-01-02 17:21:58.289526,27.91715805474605,65.0573704807773,63.3540885358976,4.569577353793862,0.366459114641024,True
2026-01-02 18:21:58.289526,24.925831671201035,63.12491860635273,63.89159011263689,6.365037324165128,0.3610840988736311,True
2026-01-02 19:21:58.289526,27.675794039539063,63.38425555416769,65.26612685043798,3.659420102470829,0.0,False
2026-01-02 20:21:58.289526,18.921438868204454,87.11822217436071,55.837198739227944,2.9581816295560754,0.0,False
2026-01-02 21:21:58.289526,19.0659703199801,75.68116845397545,61.05990822699829,3.2111241353287823,0.0,False
2026-01-02 22:21:58.289526,17.243155471077213,86.10701713476207,79.01275238290387,4.468913463505596,0.0,False
2026-01-02 23:21:58.289526,15.528909443778934,85.57577414673415,85.34106770185429,5.923734382467106,0.0,False
2026-01-03 00:21:58.289526,16.436077932213163,89.83294264032116,85.07644625870083,3.5140754477508875,0.0,False
2026-01-03 01:21:58.289526,17.521176053005583,82.60771452609934,82.43725520409487,3.462670446151045,0.0,False
2026-01-03 02:21:58.289526,15.685497542665203,91.49416694945396,73.20568063174406,2.930661949726647,0.0,False
2026-01-03 03:21:58.289526,17.097014305396158,86.80073989830522,55.92440777766211,2.689643594215435,0.0,False
2026-01-03 04:21:58.289526,23.041846851400823,68.85777313093217,61.28900693353333,0.9945447823227429,0.0,False
2026-01-03 05:21:58.289526,22.637230429631078,68.75027836484627,63.727717798984116,1.1637676139977666,0.0,False
2026-01-03 06:21:58.289526,23.944913882171146,70.52100943749394,65.75592883478836,2.778131467034209,0.34244071165211637,True
2026-01-03 07:21:58.289526,28.455163215728806,75.95142063242413,58.08887799431602,3.418019361102564,0.41911122005683976,True
2026-01-03 08:21:58.289526,30.012127977878446,67.6684725732037,63.29431996068976,4.998184540410722,0.3670568003931024,True
2026-01-03 09:21:58.289526,33.21554919103224,45.933657460914205,86.50640601230452,2.327610299042203,0.13493593987695476,True
2026-01-03 10:21:58.289526,35.939014239879654,48.14737918633681,81.6235996985123,1.8272868937275861,0.18376400301487705,True
2026-01-03 11:21:58.289526,33.676374399199176,51.747353275229955,77.14397874722908,2.8918485314191207,0.22856021252770917,True
2026-01-03 12:21:58.289526,30.19530276215965,56.97453454370755,83.60238731888808,3.456119961815993,0.16397612681111923,True
2026-01-03 13:21:58.289526,36.613202884394134,43.1281030932798,99.03097853685188,5.387952058246509,0.00969021463148124,True
2026-01-03 14:21:58.289526,33.042579398807625,55.82076589371785,94.53472434124336,4.551729214718287,0.05465275658756639,True
2026-01-03 15:21:58.289526,35.23602532996804,52.563063536966446,99.78256763615818,4.3062586996981995,0.0021743236384182294,True
2026-01-03 16:21:58.289526,30.43854344436613,64.79111483543029,3.8386557060918562,3.8656589313746563,0.9616134429390815,True
2026-01-03 17:21:58.289526,27.019248950688937,69.62120318392138,88.26823071084041,3.626845267225393,0.11731769289159587,True
2026-01-03 18:21:58.289526,26.109796107355066,74.09782990068156,89.99047796852389,3.3093565152718436,0.10009522031476109,True
2026-01-03 19:21:58.289526,20.92015386233637,77.05674394725821,83.47763691071086,4.99539425436074,0.0,False
2026-01-03 20:21:58.289526,24.893380546508368,69.97600859988104,88.52477554003971,5.415346193492386,0.0,False
2026-01-03 21:21:58.289526,22.660820823011004,77.43600115584289,84.00595612307046,5.601572890168081,0.0,False
2026-01-03 22:21:58.289526,18.191593644404538,81.68303073589921,87.3635967595122,6.267274971253933,0.0,False
2026-01-03 23:21:58.289526,14.734569643132211,95.0,85.91775668396343,4.528463708529269,0.0,False
2026-01-04 00:21:58.289526,17.635037265823215,82.4135610041312,85.38992146878999,1.7623251635787966,0.0,False
2026-01-04 01:21:58.289526,19.43935918160387,79.45212759877359,80.40564745875963,1.8696086804340593,0.0,False
2026-01-04 02:21:58.289526,16.527330498082016,81.49456908255692,87.53592082945696,1.8357360698817566,0.0,False
2026-01-04 03:21:58.289526,21.74749642273893,69.17431087115926,70.94043516165539,2.0687853327914105,0.0,False
2026-01-04 04:21:58.289526,23.559549452875437,60.01506011301807,78.33498745083875,3.744459462326723,0.0,False
2026-01-04 05:21:58.289526,23.489962561798176,68.39240654937011,62.622889093397504,2.2328709883583033,0.0,False
2026-01-04 06:21:58.289526,23.959263880608503,70.72303983244173,76.96681795485199,3.1375070098273534,0.2303318204514801,True
2026-01-04 07:21:58.289526,25.966290173969377,64.24429533867846,83.6173326045386,2.9013437539126885,0.16382667395461398,True
2026-01-04 08:21:58.289526,27.463345708504534,62.04787166774056,73.1637342329835,3.3665466122249192,0.268362657670165,True
2026-01-04 09:21:58.289526,28.801963786947724,69.06637344582767,49.493752274693634,2.185351834155799,0.5050624772530636,True
2026-01-04 10:21:58.289526,30.79338596305825,59.87273319567762,50.72909160666333,4.079780815670015,0.4927090839333667,True
2026-01-04 11:21:58.289526,31.822039181063147,54.0720597032612,63.101097375681434,2.9608655614161608,0.36898902624318564,True
2026-01-04 12:21:58.289526,31.90158402445545,52.13397790703396,76.01247667963659,4.153684057605792,0.23987523320363408,True
2026-01-04 13:21:58.289526,31.98348306365714,53.95066814252566,79.99563289543971,1.8859183915985478,0.2000436710456029,True
2026-01-04 14:21:58.289526,31.45580200260723,57.27899904389411,83.84426912279594,4.813001502564609,0.16155730877204064,True
2026-01-04 15:21:58.289526,31.842938125970605,54.87123662444264,1.7448228533152985,4.403618853754925,0.982551771466847,True
2026-01-04 16:21:58.289526,26.742383989566868,62.217018281378145,90.03520633186199,4.234388729416895,0.09964793668138014,True
2026-01-04 17:21:58.289526,28.11899149907401,51.79823139443447,95.1607808170742,4.653637483319095,0.048392191829258024,True
2026-01-04 18:21:58.289526,23.7460912775177,79.65879901547366,4.533017448430854,4.733823432576283,0.9546698255156915,True
2026-01-04 19:21:58.289526,23.989441252233757,69.77974521063217,98.96102213152946,3.039258203048698,0.0,False
2026-01-04 20:21:58.289526,23.106217361891666,73.12252598993024,4.202438174078452,4.988193101131289,0.0,False
2026-01-04 21:21:58.289526,18.890464092672467,79.94497764601064,13.892776310529825,6.021564991662419,0.0,False
2026-01-04 22:21:58.289526,20.938329453747333,72.17647695568832,16.43326475778437,5.534449135394474,0.0,False
2026-01-04 23:21:58.289526,16.472703196387645,83.32009017847211,0.14319002044510398,6.444266660397063,0.0,False
2026-01-05 00:21:58.289526,18.234924125253738,84.77482164121359,6.027779146704802,2.0545739533747764,0.0,False
2026-01-05 01:21:58.289526,15.547997845086979,87.25039048193132,4.3440196874908565,1.589766018105943,0.0,False
2026-01-05 02:21:58.289526,14.92234552732444,90.30682530678992,2.8820308745631564,3.4292346347226186,0.0,False
2026-01-05 03:21:58.289526,21.51251950210875,83.39087208384353,7.582717094765144,3.228195927135154,0.0,False
2026-01-05 04:21:58.289526,23.89640443317049,73.3805667166426,11.476411035673578,3.291575266624619,0.0,False
2026-01-05 05:21:58.289526,27.467976249514553,65.89339342935861,7.29627676391857,2.1873099621029053,0.0,False
2026-01-05 06:21:58.289526,25.44737827800514,77.40708812162674,10.84927067748032,1.7036835575742115,0.8915072932251968,True
2026-01-05 07:21:58.289526,25.736815986287837,69.88166204604141,12.844412363041783,3.1444094165176235,0.8715558763695822,True
2026-01-05 08:21:58.289526,31.40864768866536,57.36338421398722,14.853014535244625,2.8540079472817372,0.8514698546475538,True
2026-01-05 09:21:58.289526,29.633470245795806,55.45087804230884,43.60376995251033,2.060208043226368,0.5639623004748967,True
2026-01-05 10:21:58.289526,35.24155662944462,56.332236116076345,44.70282861352254,2.315047633468178,0.5529717138647746,True
2026-01-05 11:21:58.289526,36.73655529810971,39.79945216361891,33.564343208579686,3.0532666665043022,0.6643565679142032,True
2026-01-05 12:21:58.289526,32.61744039079975,50.31154354086819,57.75223585726815,3.1120319893862742,0.42247764142731853,True
2026-01-05 13:21:58.289526,33.306272202207154,61.07624361441409,50.90274318960044,4.359460347472878,0.4909725681039956,True
2026-01-05 14:21:58.289526,29.858091019340556,58.264981235252655,40.607809103402104,2.8161438532012735,0.593921908965979,True
2026-01-05 15:21:58.289526,28.65917456325283,65.23981512159139,39.070189285004375,4.654208382881707,0.6092981071499562,True
2026-01-05 16:21:58.289526,27.39105500583282,69.13919108739556,27.451773172026776,5.240193180114742,0.7254822682797323,True
2026-01-05 17:21:58.289526,28.284583467721053,70.41973426018126,18.93386659471639,4.839654767067315,0.8106613340528361,True
2026-01-05 18:21:58.289526,24.73523626696826,68.29310044693003,23.864417120283065,3.3385066254181255,0.7613558287971693,True
2026-01-05 19:21:58.289526,24.678519199349672,74.66004603823326,27.354681087296655,3.331253140440443,0.0,False
2026-01-05 20:21:58.289526,22.74014347248792,62.61813520988797,38.36584908263822,6.341830774524133,0.0,False
2026-01-05 21:21:58.289526,21.546450900579487,78.21296480455761,40.87234834517582,3.811692060758716,0.0,False
2026-01-05 22:21:58.289526,14.727678953733628,95.0,59.559127112987994,4.64778017219311,0.0,False
2026-01-05 23:21:58.289526,18.756103506191,78.95365040233733,53.33032297226103,3.6374618044949347,0.0,False
2026-01-06 00:21:58.289526,16.750912393147495,81.98241262659758,49.17441556054328,3.657516913891095,0.0,False
2026-01-06 01:21:58.289526,18.48740376263985,77.50116975855485,58.48062841413963,2.2938693600410134,0.0,False
2026-01-06 02:21:58.289526,19.85078725405815,80.62203476320434,53.315888899950465,1.2786455241218015,0.0,False
2026-01-06 03:21:58.289526,22.116567355567454,64.21690798889406,38.626855999707885,2.092647360157393,0.0,False
2026-01-06 04:21:58.289526,18.97038445503387,93.5462362090017,49.29751765123018,2.4526516397312914,0.0,False
2026-01-06 05:21:58.289526,24.89104385315743,74.3040291163002,58.33898485546297,3.3845973310168316,0.0,False
2026-01-06 06:21:58.289526,24.81786598838622,67.83587998850437,62.25714002825947,3.5816770856118767,0.3774285997174053,True
2026-01-06 07:21:58.289526,28.116218793716673,64.45245871925316,66.00406356153502,2.4154014230646808,0.3399593643846498,True
2026-01-06 08:21:58.289526,30.63038565118521,60.98368179926605,59.09054869482287,3.7937304882719913,0.4090945130517713,True
2026-01-06 09:21:58.289526,31.228097776234723,53.55303354674031,58.80874915102305,1.845552372537126,0.4119125084897695,True
2026-01-06 10:21:58.289526,31.63546014736239,55.90585382129414,65.37936826688917,5.384657765663613,0.3462063173311083,True
2026-01-06 11:21:58.289526,34.75887614787075,50.27549966101128,59.317611352828806,3.4556741791014347,0.40682388647171197,True
2026-01-06 12:21:58.289526,34.623316229524804,55.37069118357315,53.879729710306975,4.9933016408935895,0.46120270289693027,True
2026-01-06 13:21:58.289526,32.0202361241092,46.685949654692266,42.30528282299636,4.168817756291358,0.5769471717700364,True
2026-01-06 14:21:58.289526,32.92729682484241,57.58123167092129,46.18785049404002,4.00897238247361,0.5381214950595998,True
2026-01-06 15:21:58.289526,30.514562518173825,62.640146893128126,58.7818482563909,4.832465229628006,0.412181517436091,True
2026-01-06 16:21:58.289526,27.468010062478086,64.18838688317385,64.7613095516408,5.769749664147358,0.35238690448359195,True
2026-01-06 17:21:58.289526,25.836586361227727,71.57295494423717,63.02286401876148,6.115156936176131,0.3697713598123852,True
2026-01-06 18:21:58.289526,24.355815976589458,72.61619794944025,67.30874109474121,3.2940713629075935,0.3269125890525879,True
2026-01-06 19:21:58.289526,21.63388360985893,77.16481274999937,76.0023099933781,2.3461028998454405,0.0,False
2026-01-06 20:21:58.289526,20.989969738449396,80.89572229820217,79.29851872048278,4.200782117106868,0.0,False
2026-01-06 21:21:58.289526,18.19744030864893,82.99996059749914,61.0968861168829,4.041345120310401,0.0,False
2026-01-06 22:21:58.289526,17.892929034043924,86.21352124331567,55.41588728591233,4.897778545474769,0.0,False
2026-01-06 23:21:58.289526,22.648261626868,76.20301800343596,59.90693126882269,3.7558095218923313,0.0,False
2026-01-07 00:21:58.289526,22.843735352451265,79.93878467812759,68.19891340676344,2.7709703309893894,0.0,False
2026-01-07 01:21:58.289526,18.19020939980254,86.59939185104778,53.39995177669826,1.9898988428556126,0.0,False
2026-01-07 02:21:58.289526,19.485436572680044,88.53614998986501,39.266630720538586,3.1076362396608577,0.0,False
2026-01-07 03:21:58.289526,20.48955195157776,78.0536892260396,27.395063370965488,4.26020366597817,0.0,False
2026-01-07 04:21:58.289526,22.528241569287083,70.43078610032339,23.95428863091962,2.2441271735251767,0.0,False
2026-01-07 05:21:58.289526,24.456702084199602,77.19365891421587,32.25313152637409,1.33099686901697,0.0,False
2026-01-07 06:21:58.289526,25.903962483488748,63.188183616922004,20.154714892562765,1.874266403154786,0.7984528510743724,True
2026-01-07 07:21:58.289526,30.593053992883885,62.249144362463355,16.65707208376557,2.945097763248714,0.8334292791623443,True
2026-01-07 08:21:58.289526,29.529021518437332,64.18328861112077,8.391779139793556,2.4529549724050073,0.9160822086020645,True
2026-01-07 09:21:58.289526,31.061586502801934,56.66321060859418,99.80825104298424,4.631367508839592,0.0019174895701576133,True
2026-01-07 10:21:58.289526,32.35000762818931,56.113330634413394,95.59830048312887,4.175130367285403,0.04401699516871133,True
2026-01-07 11:21:58.289526,35.26657833734741,46.07886265542007,9.54172401526884,2.4545079916848835,0.9045827598473116,True
2026-01-07 12:21:58.289526,32.547420073167316,48.94385591581977,1.3479037291399436,1.0499061824502993,0.9865209627086006,True
2026-01-07 13:21:58.289526,34.00834260598037,52.40235312036954,1.3478818848011258,4.929105363194534,0.9865211811519887,True
2026-01-07 14:21:58.289526,32.09465218180376,51.15664557366465,18.414043332396773,4.171972128544464,0.8158595666760323,True
2026-01-07 15:21:58.289526,35.605489979691455,47.26635694818511,6.204452613191933,4.012956590463977,0.9379554738680806,True
2026-01-07 16:21:58.289526,26.406697611733996,66.94892863434437,97.58029149900528,4.656115988255077,0.024197085009947158,True
2026-01-07 17:21:58.289526,29.384555910547448,57.5569702298463,88.61553959689545,3.630126733080957,0.11384460403104554,True
2026-01-07 18:21:58.289526,25.30360503687815,65.12528222377915,76.50628023853335,4.379932417216398,0.2349371976146665,True
2026-01-07 19:21:58.289526,26.161421522171757,71.62511625294721,69.72205799377315,5.193071132011667,0.0,False
2026-01-07 20:21:58.289526,21.748085015836537,77.8898337372895,83.69984892895684,2.5298451440702086,0.0,False
2026-01-07 21:21:58.289526,20.597935200494263,77.40119424647988,72.48299372304942,3.5669212897432807,0.0,False
2026-01-07 22:21:58.289526,17.210824517627582,87.9163960168058,81.35150680172956,4.348078074731068,0.0,False
2026-01-07 23:21:58.289526,14.780904293730902,87.90067199338154,61.97751117764284,6.455242492888141,0.0,False
2026-01-08 00:21:58.289526,15.396207520755528,81.93315444635185,61.474534431325765,2.8753511140126538,0.0,False
2026-01-08 01:21:58.289526,17.94452287148481,82.88599110290309,61.74223476938127,0.7440383510253412,0.0,False
2026-01-08 02:21:58.289526,19.171060630628304,85.52837131813922,85.2725642764425,1.3546451335945193,0.0,False
2026-01-08 03:21:58.289526,21.897059507969395,82.66733922532794,82.78925971420742,1.807954221205188,0.0,False
2026-01-08 04:21:58.289526,23.445956778936747,75.07123527740639,65.7804373861207,3.222190458687452,0.0,False
2026-01-08 05:21:58.289526,19.782295202525955,90.06850478894013,62.469455749779456,3.1534259511678453,0.0,False
2026-01-08 06:21:58.289526,28.439589039971693,59.70217119232996,43.810330182993425,2.512522648775847,0.5618966981700657,True
2026-01-08 07:21:58.289526,24.704153577042707,64.78126348512937,44.44366723279268,2.384674028748728,0.5555633276720733,True
2026-01-08 08:21:58.289526,30.118158102194712,56.35836028175118,35.14529381269142,3.394607276997739,0.6485470618730858,True
2026-01-08 09:21:58.289526,24.752182622451386,68.71020009745908,41.14841913199709,4.3404175141725965,0.5885158086800292,True
2026-01-08 10:21:58.289526,32.10140284981922,52.84808554079793,30.739060816669934,3.5667133998970275,0.6926093918333006,True
2026-01-08 11:21:58.289526,38.60762216051882,48.08764077610928,22.75413315277686,4.314931138744297,0.7724586684722314,True
2026-01-08 12:21:58.289526,28.9531501790456,60.920672809612824,23.619307993644526,1.635911766729739,0.7638069200635548,True
2026-01-08 13:21:58.289526,32.338542721970796,50.587951195071795,27.985112198193676,1.1899850910873604,0.7201488780180633,True
2026-01-08 14:21:58.289526,31.893642666184316,58.40980903878519,24.258464605982013,3.7266826308470464,0.7574153539401799,True
2026-01-08 15:21:58.289526,33.03848254350035,60.878131781315325,1.2767516640372918,2.8723943405218053,0.9872324833596271,True
2026-01-08 16:21:58.289526,31.66062829777868,63.400569574130245,27.217680184185042,4.378625957500944,0.7278231981581496,True
2026-01-08 17:21:58.289526,26.995034778236853,57.969962262601996,21.665972896944325,6.008066688528525,0.7833402710305567,True
2026-01-08 18:21:58.289526,29.643958982670565,70.29028872127512,12.864484125264639,5.123508010526355,0.8713551587473536,True
2026-01-08 19:21:58.289526,24.612408476604458,71.95782028898718,13.338397203013983,3.4514289984933364,0.0,False
2026-01-08 20:21:58.289526,20.78192104325841,88.69900040862316,9.840834106954688,4.124555437992015,0.0,False
2026-01-08 21:21:58.289526,21.40840729568196,77.04099797083222,96.01379234147339,3.109574491872266,0.0,False
2026-01-08 22:21:58.289526,21.411393872725125,76.37922489730295,93.12775739923266,3.448822784334194,0.0,False
2026-01-08 23:21:58.289526,17.557627318148324,78.80712451186929,80.07435228141203,4.769776646802393,0.0,False
2026-01-09 00:21:58.289526,18.359567644595348,82.7634509101907,58.782374202762206,2.165296421690007,0.0,False
2026-01-09 01:21:58.289526,12.203678200513238,95.0,67.49068722994099,1.8959913304211469,0.0,False
2026-01-09 02:21:58.289526,17.273015048116473,78.15505651547043,90.19406852073239,2.5923395608110096,0.0,False
2026-01-09 03:21:58.289526,18.13860577532488,88.38162833937412,74.36314100835816,2.1581869146860306,0.0,False
2026-01-09 04:21:58.289526,22.70352936481596,76.97144706102378,75.6616185953858,1.1888540070299614,0.0,False
2026-01-09 05:21:58.289526,23.482365737983912,82.99516309763027,68.86261766770583,3.4285787072541174,0.0,False
2026-01-09 06:21:58.289526,25.07351218930583,63.71490909887518,65.68385429117576,1.6635508450226724,0.34316145708824236,True
2026-01-09 07:21:58.289526,24.097640912965723,69.98547504785446,52.896748821728124,3.0462103919763863,0.47103251178271877,True
2026-01-09 08:21:58.289526,30.31905590128711,57.51947411084545,46.2156650030944,2.7705429589541146,0.537843349969056,True
2026-01-09 09:21:58.289526,32.062308678288154,53.596431331115014,40.99758385383827,0.25524825910759885,0.5900241614616173,True
2026-01-09 10:21:58.289526,32.24273291104298,59.894686602926996,44.106099440817786,3.201802016733624,0.5589390055918222,True
2026-01-09 11:21:58.289526,32.892736468228364,59.90534846829279,51.36320773606973,3.3883857207042896,0.4863679226393027,True
2026-01-09 12:21:58.289526,35.382523039409804,36.643924289383705,51.83424345933389,3.400340059085274,0.4816575654066611,True
2026-01-09 13:21:58.289526,31.57306116824326,52.087661011934465,30.86658379108271,2.8982506836835986,0.6913341620891729,True
2026-01-09 14:21:58.289526,30.64268856197279,60.35218535366087,59.713380898376485,3.406507105519803,0.40286619101623516,True
2026-01-09 15:21:58.289526,35.19584006879567,51.35861545322456,69.18237666098074,2.94159757260969,0.3081762333901926,True
2026-01-09 16:21:58.289526,29.629153127708374,60.8002707980633,70.65674983055014,5.684282148599598,0.2934325016944986,True
2026-01-09 17:21:58.289526,28.06386116422306,54.93104378337621,77.01361182280851,4.302390527540757,0.22986388177191486,True
2026-01-09 18:21:58.289526,24.043021489582383,74.17144560153264,64.87055257746948,5.016463233862649,0.3512944742253052,True
2026-01-09 19:21:58.289526,23.43042854303107,69.29004708341118,50.12225102299219,3.831913538344602,0.0,False
2026-01-09 20:21:58.289526,22.426193950369164,78.74994307124966,42.74912915726277,4.748395412034914,0.0,False
2026-01-09 21:21:58.289526,18.65624613441563,87.57475312103101,49.681255464205115,4.055391643160155,0.0,False
2026-01-09 22:21:58.289526,21.539751427549795,83.41499511572252,49.64534681874967,5.205473220756307,0.0,False
2026-01-09 23:21:58.289526,19.530341151221815,74.34711896747734,51.59127086143682,3.5565307076555066,0.0,False
2026-01-10 00:21:58.289526,17.717110730617538,95.0,52.87971839524855,1.0397053544124346,0.0,False
2026-01-10 01:21:58.289526,17.151038584940785,82.21017014952152,64.96840287393223,1.6005712116295603,0.0,False
2026-01-10 02:21:58.289526,18.7365840678505,88.21512771445173,60.84927411165062,3.3517845828218458,0.0,False
2026-01-10 03:21:58.289526,20.334683780022143,82.06482347106721,71.40645048192968,3.4356257487302826,0.0,False
2026-01-10 04:21:58.289526,25.377090094586876,81.58013631761443,64.89280161733979,0.4192869342438019,0.0,False
2026-01-10 05:21:58.289526,23.017448876038127,73.86854093823763,65.62521090755592,3.1215492408655168,0.0,False
2026-01-10 06:21:58.289526,25.83385074938238,70.93100279825757,67.56701628469825,2.8971858768347016,0.32432983715301744,True
2026-01-10 07:21:58.289526,25.885202010961052,72.322606469682,66.00028721527146,2.3179803743859164,0.3399971278472854,True
2026-01-10 08:21:58.289526,33.51302007883365,60.49024598984817,60.68328607077443,3.161070358082271,0.3931671392922557,True
2026-01-10 09:21:58.289526,30.25572889165519,56.278560057700645,41.12182177747779,3.4063500467483965,0.588781782225222,True
2026-01-10 10:21:58.289526,35.577163312518884,47.93670473285201,51.637888763180015,3.2639414949175487,0.4836211123681998,True
2026-01-10 11:21:58.289526,33.86856361395101,58.98089514754581,53.13912342019522,2.9837885199331398,0.46860876579804783,True
2026-01-10 12:21:58.289526,32.38492162873153,55.59059760347849,45.25316458306122,4.56829609772554,0.5474683541693878,True
2026-01-10 13:21:58.289526,31.917548703713948,59.653286375461725,59.98183805195613,2.8532278724222944,0.4001816194804387,True
2026-01-10 14:21:58.289526,31.434726402451286,56.87817228163867,43.945375890722815,4.034183267478468,0.5605462410927718,True
2026-01-10 15:21:58.289526,29.619068004212536,56.18979071952328,65.7198200216073,5.62335412732601,0.34280179978392694,True
2026-01-10 16:21:58.289526,31.49166376881426,61.40944324580735,53.602391098136266,4.062951559204279,0.46397608901863735,True
2026-01-10 17:21:58.289526,28.6273872102228,61.52363012128998,63.31708517730769,3.957781050907814,0.3668291482269231,True
2026-01-10 18:21:58.289526,26.291957721362948,71.61795056355554,42.0888927323506,5.4879104106537735,0.579111072676494,True
2026-01-10 19:21:58.289526,25.06151774918193,71.98589648780454,46.62303759682818,5.706211522003541,0.0,False
2026-01-10 20:21:58.289526,23.488498191794182,70.30245882153449,34.56203682921033,3.0392624163788153,0.0,False
2026-01-10 21:21:58.289526,19.976330549458833,73.47938746349506,48.5713487556099,1.934761393960569,0.0,False
2026-01-10 22:21:58.289526,15.480495053531897,92.56724293309735,40.51538051409342,6.734238981647799,0.0,False
2026-01-10 23:21:58.289526,18.343978704762804,84.0616347938622,45.2904603790396,4.771963199170197,0.0,False
2026-01-11 00:21:58.289526,20.622972725058204,68.65815798816871,62.93864559409167,4.081980237986509,0.0,False
2026-01-11 01:21:58.289526,20.690333842328947,77.44374986890374,53.667832974699074,1.9939977630503194,0.0,False
2026-01-11 02:21:58.289526,17.520461395312307,85.47499948052533,51.938633419613126,0.8036950001026621,0.0,False
2026-01-11 03:21:58.289526,18.61488930679039,82.15960957242463,63.38000262543517,2.0813563519133167,0.0,False
2026-01-11 04:21:58.289526,21.03680237016359,75.61258554707253,62.12618520975471,2.231247822903239,0.0,False
2026-01-11 05:21:58.289526,23.070938130614106,81.18998267491884,71.65512775269084,2.7671770185955955,0.0,False
2026-01-11 06:21:58.289526,28.10572299695933,60.7222070094824,75.35141194911547,3.5970517780691442,0.24648588050884526,True
2026-01-11 07:21:58.289526,29.717686299070138,64.86159802693938,93.32593569904898,1.8464142642574721,0.06674064300951016,True
2026-01-11 08:21:58.289526,29.818533510148868,47.95166104494028,89.05852560753266,3.0936577540388446,0.10941474392467342,True
2026-01-11 09:21:58.289526,33.638984442592104,60.14933233995689,88.1988018762216,3.0671489399952687,0.11801198123778406,True
2026-01-11 10:21:58.289526,34.49887573452027,52.751055282646284,8.752646960616886,2.874057109011549,0.9124735303938312,True
2026-01-11 11:21:58.289526,32.44770859749588,52.817395571151614,4.544117767492509,3.9787766527378268,0.9545588223250749,True
2026-01-11 12:21:58.289526,35.41874953871635,52.60352217079293,13.399018030520693,3.404688672555606,0.8660098196947931,True
2026-01-11 13:21:58.289526,34.55277006106689,52.816005490432545,9.102798798921597,4.49708262170205,0.908972012010784,True
2026-01-11 14:21:58.289526,27.367521665231187,74.79701597659604,19.31029418787142,4.0014736556367865,0.8068970581212858,True
2026-01-11 15:21:58.289526,32.330937339169004,52.669238891752805,15.571600637952145,4.091692170293192,0.8442839936204786,True
2026-01-11 16:21:58.289526,32.15295405253615,55.73435639234014,28.908745143146803,3.762084217185817,0.7109125485685319,True
2026-01-11 17:21:58.289526,31.033150882263268,53.870553424348614,26.791005148620272,5.074593742318933,0.7320899485137973,True
2026-01-11 18:21:58.289526,24.126911696156878,69.18128021823442,22.594487024457038,5.094847429012939,0.7740551297554297,True
2026-01-11 19:21:58.289526,24.527834533873964,63.66066718910091,16.227235157058473,4.496057160519194,0.0,False
2026-01-11 20:21:58.289526,22.566865966898742,71.10273267434408,19.71832770363764,3.2888333877112483,0.0,False
2026-01-11 21:21:58.289526,22.542860867718552,67.80928480021957,24.0617468591161,4.684705625050018,0.0,False
2026-01-11 22:21:58.289526,20.65014284113369,81.09163234738367,6.176268642312522,3.835503609810005,0.0,False
2026-01-11 23:21:58.289526,19.228207891341395,81.69793207343297,1.5627300382811313,4.5504187411126376,0.0,False
2026-01-12 00:21:58.289526,22.555991754858304,74.77618760297968,3.057546852743954,1.3736342539018143,0.0,False
2026-01-12 01:21:58.289526,17.285951577146143,81.49686460347642,98.6377163379856,3.9772943865174435,0.0,False
2026-01-12 02:21:58.289526,17.464981494881883,84.63321078303512,2.8276939179968963,0.8890768934471152,0.0,False
2026-01-12 03:21:58.289526,20.865154346682576,73.05109500937725,5.192872874765953,2.4753944567683006,0.0,False
2026-01-12 04:21:58.289526,24.170531437885387,70.12672920848266,19.839801135231326,3.297000521878527,0.0,False
2026-01-12 05:21:58.289526,27.45514620007243,64.24832094677622,18.887974163598287,2.5917395603074147,0.0,False
2026-01-12 06:21:58.289526,29.802881912580446,68.079204768095,36.66501677648361,2.056264745970242,0.6333498322351638,True
2026-01-12 07:21:58.289526,28.706202860438395,68.95988213134285,38.49200805912747,3.35801352128838,0.6150799194087253,True
2026-01-12 08:21:58.289526,30.69059952735078,53.76321832709986,49.3031830304904,4.131405200301248,0.506968169695096,True
2026-01-12 09:21:58.289526,34.42572849854934,47.41630528502265,55.722711577362816,3.952951361355782,0.44277288422637184,True
2026-01-12 10:21:58.289526,31.614613832237655,57.32513297195708,58.50743316550307,2.3640040546296737,0.41492566834496925,True
2026-01-12 11:21:58.289526,30.578877093415805,57.29868777866108,64.69595067374388,1.4136077004781438,0.3530404932625612,True
2026-01-12 12:21:58.289526,30.574771184537987,60.88479622993088,71.05218544493877,5.006623463783078,0.2894781455506123,True
2026-01-12 13:21:58.289526,32.92195985652881,46.10646715568597,91.93747616868262,1.591167201571313,0.08062523831317378,True
2026-01-12 14:21:58.289526,35.396907636043366,40.76022871270203,86.60018124290411,3.3167771822338246,0.13399818757095885,True
2026-01-12 15:21:58.289526,35.28862833090308,57.052058751720345,86.24753876096048,3.4025244755758224,0.13752461239039518,True
2026-01-12 16:21:58.289526,27.075427825865997,69.83462926969989,78.71693636434296,4.013355690335442,0.21283063635657043,True
2026-01-12 17:21:58.289526,26.678623721266614,67.5166017391531,95.06826821945268,3.7315523738415166,0.049317317805473236,True
2026-01-12 18:21:58.289526,25.82724627816679,67.00779159983506,95.41574923972144,5.0094565453677795,0.045842507602785645,True
2026-01-12 19:21:58.289526,23.368118661566793,70.8997556594721,86.68271645240307,5.282112484800904,0.0,False
2026-01-12 20:21:58.289526,24.13099926327572,68.18438084029268,80.39222531673943,4.876311064472273,0.0,False
2026-01-12 21:21:58.289526,20.350624342795378,80.08878451144331,96.69663678190946,4.060186476958628,0.0,False
2026-01-12 22:21:58.289526,20.545249234398003,82.80759263100934,1.596666224768029,5.9793003184205915,0.0,False
2026-01-12 23:21:58.289526,17.969249597608528,81.45939970672393,99.00415020266453,2.7987840900105385,0.0,False
2026-01-13 00:21:58.289526,18.021833590253532,84.55597345863524,7.5532937469544095,3.052538045725134,0.0,False
2026-01-13 01:21:58.289526,21.97283113402247,81.74156956468809,9.774361798486723,3.458007310330955,0.0,False
2026-01-13 02:21:58.289526,18.85479151247433,66.32232601390942,94.84046609168982,3.4828202936402253,0.0,False
2026-01-13 03:21:58.289526,16.46840588611607,83.1540415553187,10.661728249794606,1.1425080333286413,0.0,False
2026-01-13 04:21:58.289526,21.300511293488995,80.26474430800405,3.8647262922830805,2.936895254974563,0.0,False
2026-01-13 05:21:58.289526,28.99398609599853,70.69539347697514,94.44457785511099,2.4229601274600037,0.0,False
2026-01-13 06:21:58.289526,25.382607943329894,71.24642819482938,7.028143930484106,2.769707203872231,0.9297185606951589,True
2026-01-13 07:21:58.289526,31.63853768849402,60.597575873351516,3.337950020844005,2.4902478762300255,0.96662049979156,True
2026-01-13 08:21:58.289526,28.70746667064691,54.90816906019889,1.6032140893718747,1.129925707175957,0.9839678591062813,True
2026-01-13 09:21:58.289526,30.495065019727225,52.71072847966163,5.319566745473907,1.7232986366695606,0.946804332545261,True
2026-01-13 10:21:58.289526,36.754208771805985,38.35692430796962,16.530985382067342,0.0,0.8346901461793266,True
2026-01-13 11:21:58.289526,34.11879386063454,46.90893585012754,18.66090057535129,2.827713740787151,0.8133909942464871,True
2026-01-13 12:21:58.289526,35.09482330172874,56.147049108634725,18.48167330397615,4.241129604969205,0.8151832669602385,True
2026-01-13 13:21:58.289526,32.460096713255695,59.315235784841455,24.473323383963077,3.4578032711512003,0.7552667661603693,True
2026-01-13 14:21:58.289526,34.94020139698597,51.755950603875775,6.049925364479321,3.5910679276735844,0.9395007463552068,True
2026-01-13 15:21:58.289526,30.087540015649477,65.46563710365147,20.32118100947301,3.2083511016966737,0.7967881899052699,True
2026-01-13 16:21:58.289526,29.009189599651172,60.73579099987143,30.97011121073689,4.387798786075709,0.6902988878926312,True
2026-01-13 17:21:58.289526,30.08729854186441,61.41130570825293,42.38324839482729,5.3039812146194505,0.5761675160517271,True
2026-01-13 18:21:58.289526,27.476613939271648,67.55675766214384,47.28913322254243,5.3892805012342855,0.5271086677745757,True
2026-01-13 19:21:58.289526,27.409664401637325,69.6434342261402,38.40989123409096,4.600884558061724,0.0,False
2026-01-13 20:21:58.289526,18.748425998322016,83.29197794419042,39.08721143749861,4.3043813739366925,0.0,False
2026-01-13 21:21:58.289526,19.598896267968716,81.27087206877543,46.846009911898136,4.7566384444200605,0.0,False
2026-01-13 22:21:58.289526,20.39347748594279,75.30697071061176,42.50977226439929,4.547229461961702,0.0,False
2026-01-13 23:21:58.289526,15.792479136164559,88.70384543267708,48.836627919015115,4.852793594622941,0.0,False
2026-01-14 00:21:58.289526,16.240311317431978,95.0,58.74088018643016,1.295855377619545,0.0,False
2026-01-14 01:21:58.289526,21.39873752096264,69.7177455790381,51.67243803625641,2.6289680560330098,0.0,False
2026-01-14 02:21:58.289526,16.908161016171654,84.54007117806371,52.84238566028168,1.8453848859607573,0.0,False
2026-01-14 03:21:58.289526,20.148711015132008,87.63620802941809,54.76882062098235,1.8547755961923162,0.0,False
2026-01-14 04:21:58.289526,24.395881656504617,63.066105671219034,74.08011005614048,2.40373388871892,0.0,False
2026-01-14 05:21:58.289526,24.665649783159136,65.96208107977665,75.96851554068962,3.942167251583484,0.0,False
2026-01-14 06:21:58.289526,25.821834596839068,68.25926786683792,78.01391171642092,3.0149271196812375,0.21986088283579078,True
2026-01-14 07:21:58.289526,26.190991663236673,67.13401186683424,81.84172415524296,4.474418069860895,0.18158275844757044,True
2026-01-14 08:21:58.289526,34.93387496658917,49.673819392533694,67.48804248236183,3.7669668485183787,0.3251195751763817,True
2026-01-14 09:21:58.289526,35.18982992727226,52.389293059945615,77.76396217707816,2.542433696893368,0.22236037822921845,True
2026-01-14 10:21:58.289526,33.96425318688701,50.08630297855267,72.59667337308781,4.353265279383463,0.2740332662691219,True
2026-01-14 11:21:58.289526,35.747133259340515,47.50884091009289,75.83365412120776,3.481824600103101,0.24166345878792242,True
2026-01-14 12:21:58.289526,34.953519409458515,52.2525475168617,72.26485636635562,4.538997759817182,0.2773514363364438,True
2026-01-14 13:21:58.289526,35.4155956543222,45.14933779779353,75.06388330521816,5.583006359963186,0.24936116694781846,True
2026-01-14 14:21:58.289526,30.50081704578198,61.54385356931041,99.7170983197392,3.3100581293602014,0.0028290168026080665,True
2026-01-14 15:21:58.289526,31.28447679580251,53.803910902931065,1.5991221898366348,3.9383238612437843,0.9840087781016337,True
2026-01-14 16:21:58.289526,30.185464558836006,53.22283555348625,6.162804623366185,4.733255821984589,0.9383719537663382,True
2026-01-14 17:21:58.289526,29.270162999618556,64.31844011772776,8.998928825495284,5.0864355548696665,0.9100107117450471,True
2026-01-14 18:21:58.289526,22.277155677691663,76.87462638643133,10.398354923297802,2.7517096257819347,0.896016450767022,True
2026-01-14 19:21:58.289526,27.20524962404805,71.25981604799375,16.71690139473941,4.545061311015093,0.0,False
2026-01-14 20:21:58.289526,23.19944909092139,79.78794116446151,7.542287227756049,5.487989927365473,0.0,False
2026-01-14 21:21:58.289526,19.28622150706989,82.99875463563176,16.40081657256809,3.8482666451592404,0.0,False
2026-01-14 22:21:58.289526,22.69730598053079,81.27045090843683,21.070417410161383,6.282245254983986,0.0,False
2026-01-14 23:21:58.289526,14.44653892898831,95.0,19.225111266015404,4.630896498004957,0.0,False
2026-01-15 00:21:58.289526,16.3323421889647,83.90946986031351,36.494438906839264,0.8839862749135841,0.0,False
2026-01-15 01:21:58.289526,18.516670597701687,86.18511880426057,43.13083310852193,0.7523233215321483,0.0,False
2026-01-15 02:21:58.289526,17.49412443413313,86.2064739203216,44.22692371682933,2.8355674196528597,0.0,False
2026-01-15 03:21:58.289526,19.764233398591866,83.86377034787,40.09887099809458,2.3504351077238943,0.0,False
2026-01-15 04:21:58.289526,24.595360201571395,72.20801797236157,24.834275981993812,3.7130368178511106,0.0,False
2026-01-15 05:21:58.289526,25.71092049688053,75.15341018701848,22.394258608958296,1.9388383615017943,0.0,False
2026-01-15 06:21:58.289526,24.15459986779887,80.37012430369964,19.542363681979907,3.1387432714056995,0.804576363180201,True
2026-01-15 07:21:58.289526,26.422523699975574,66.57741681823416,8.113511414711922,3.019609955776464,0.9188648858528807,True
2026-01-15 08:21:58.289526,31.489320335064914,53.120528078593715,1.702991105744502,2.190873861637768,0.982970088942555,True
2026-01-15 09:21:58.289526,31.699291538763422,63.02287657047842,93.96052219674414,2.76437902085194,0.06039477803255863,True
2026-01-15 10:21:58.289526,31.08978568163511,59.94513724989397,9.387266947345836,0.0,0.9061273305265416,True
2026-01-15 11:21:58.289526,36.72493041459297,45.08908328298616,96.58735321045339,3.3322510535053596,0.03412646789546613,True
2026-01-15 12:21:58.289526,32.708025993535955,62.03319819380936,99.11576254476319,4.262060362164409,0.008842374552368143,True
2026-01-15 13:21:58.289526,34.04815169751131,56.125827386502394,4.431749891604568,3.8316858618047345,0.9556825010839544,True
2026-01-15 14:21:58.289526,30.32976323865291,51.015278813436765,0.7044159409441022,3.5598139856517714,0.992955840590559,True
2026-01-15 15:21:58.289526,33.36642926285055,47.737879940210064,13.91762668266091,3.0476100673858144,0.8608237331733909,True
2026-01-15 16:21:58.289526,33.58307888833801,55.58760107039194,26.12007746050125,5.776089383521528,0.7387992253949875,True
2026-01-15 17:21:58.289526,29.017319109438183,53.999628305629756,11.652713789390702,4.252023763452888,0.883472862106093,True
2026-01-15 18:21:58.289526,26.792324546259007,67.68619485869065,25.415777858328056,4.0444996855499875,0.7458422214167194,True
2026-01-15 19:21:58.289526,23.948855048893837,70.37777903906004,24.279067363675097,3.4765716504190127,0.0,False
2026-01-15 20:21:58.289526,21.67577621912484,76.23425610386815,46.571400094693956,6.238762322178069,0.0,False
2026-01-15 21:21:58.289526,22.1494110956849,84.91357940299203,50.41130712536085,4.078067925882052,0.0,False
2026-01-15 22:21:58.289526,20.67710356305734,79.42464652855027,62.45229009010467,5.012581305937106,0.0,False
2026-01-15 23:21:58.289526,18.492832887098942,82.38377821759016,63.41152865042312,4.731759979329406,0.0,False
2026-01-16 00:21:58.289526,18.03149301746207,88.10353005091861,70.59303994990086,1.2525045210651424,0.0,False
2026-01-16 01:21:58.289526,17.90662322102086,88.74284373593468,63.62313924863594,4.228148298876912,0.0,False
2026-01-16 02:21:58.289526,16.398782166105637,89.76496641169368,72.76404367162854,1.5362123951145592,0.0,False
2026-01-16 03:21:58.289526,23.329364645429337,76.50514088374395,63.24942872224483,2.930550007335268,0.0,False
2026-01-16 04:21:58.289526,23.259040590504927,72.94739763587248,57.2885768412109,3.3191301426943145,0.0,False
2026-01-16 05:21:58.289526,22.401492218989745,80.2600105874987,79.0651966685125,1.9699393592598664,0.0,False
2026-01-16 06:21:58.289526,25.31247072846499,68.23904079812655,87.18180868803773,3.325861587283921,0.12818191311962265,True
2026-01-16 07:21:58.289526,29.442411830737413,60.702599270874536,90.65976814659587,0.5129561185779941,0.09340231853404134,True
2026-01-16 08:21:58.289526,29.80937969025782,59.92630754000091,7.8506929864731205,2.933086690322566,0.9214930701352688,True
2026-01-16 09:21:58.289526,30.582933543945582,58.02856296037617,0.13454458237231393,0.972086782534944,0.9986545541762769,True
2026-01-16 10:21:58.289526,32.56268169671544,54.73832882762483,7.238275897981282,3.4029131779967488,0.9276172410201872,True
2026-01-16 11:21:58.289526,35.592748282003406,50.530073606262285,9.159449187555595,3.77506326777928,0.9084055081244441,True
2026-01-16 12:21:58.289526,32.82104576001123,62.91302098725004,9.402033772295113,2.7097675936450756,0.9059796622770488,True
2026-01-16 13:21:58.289526,35.38769538546987,44.622743391534954,27.267723310799397,4.228091266700429,0.727322766892006,True
2026-01-16 14:21:58.289526,34.68804354501055,57.56680809179018,32.83908255227976,3.268023237895089,0.6716091744772024,True
2026-01-16 15:21:58.289526,32.11187180321984,64.04283237985267,24.610293268289183,4.459899885871164,0.7538970673171081,True
2026-01-16 16:21:58.289526,34.82719709231908,54.74304120361808,22.74752907459265,4.632287293195589,0.7725247092540735,True
2026-01-16 17:21:58.289526,27.499502784552732,67.9284246686038,14.832252975310837,3.15146671195377,0.8516774702468917,True
2026-01-16 18:21:58.289526,26.339824793829244,63.635495432902076,20.147874681647806,5.474084600756835,0.798521253183522,True
2026-01-16 19:21:58.289526,25.791454694609218,60.11739615629909,27.690621040311953,6.040570381280929,0.0,False
2026-01-16 20:21:58.289526,23.06150866739751,74.98264249263892,10.711477542227954,7.674973703662432,0.0,False
2026-01-16 21:21:58.289526,21.332132820558385,74.34623976900534,21.910235151189,4.276209841710742,0.0,False
2026-01-16 22:21:58.289526,20.527046682441547,81.16305626339549,9.596441183543789,4.102493920881608,0.0,False
2026-01-16 23:21:58.289526,14.805925658875188,89.98829971139511,98.76555101811425,3.4272187735411865,0.0,False
2026-01-17 00:21:58.289526,19.930723647012346,76.07721595818548,98.91871112985774,2.4323655022846564,0.0,False
2026-01-17 01:21:58.289526,14.350602578087294,95.0,94.92637380327506,3.17790865731064,0.0,False
2026-01-17 02:21:58.289526,17.937036519194866,78.44195695062383,12.045368467884941,4.2853249734048875,0.0,False
2026-01-17 03:21:58.289526,17.754140451374905,86.87105263116902,10.5555103003922,4.4542145358370675,0.0,False
2026-01-17 04:21:58.289526,21.762764805662865,81.40978159980047,15.3053731947615,2.0226109591432957,0.0,False
2026-01-17 05:21:58.289526,22.241553603820744,80.30126423234674,26.3902900952624,2.213905815270918,0.0,False
2026-01-17 06:21:58.289526,30.748784904304095,60.65902734725819,33.288443589791086,2.203760514190853,0.6671155641020892,True
2026-01-17 07:21:58.289526,30.491499344570563,60.518003483071666,13.187414223843632,3.023503579842167,0.8681258577615637,True
2026-01-17 08:21:58.289526,29.54827231325375,65.34022193088433,23.11630670155597,2.1406362283792024,0.7688369329844403,True
2026-01-17 09:21:58.289526,32.919168492461736,58.52482685776881,30.055126487342477,4.019981470281776,0.6994487351265752,True
2026-01-17 10:21:58.289526,35.40704851800844,55.24693489225347,32.61252206678694,2.3705068630157315,0.6738747793321306,True
2026-01-17 11:21:58.289526,30.640744596142678,45.85928751970041,33.760618271531314,2.8481094351357106,0.6623938172846868,True
2026-01-17 12:21:58.289526,38.991295447236716,40.18082294566913,37.49644510875089,4.130707722238306,0.6250355489124911,True
2026-01-17 13:21:58.289526,36.22660055647788,41.87375271427933,39.806623442406874,4.309580014024421,0.6019337655759313,True
2026-01-17 14:21:58.289526,30.164721116536256,54.81509847082884,32.3013684301381,3.968287325869991,0.676986315698619,True
2026-01-17 15:21:58.289526,35.34115014907979,46.44563580355508,24.479294683833245,4.34746689600068,0.7552070531616676,True
2026-01-17 16:21:58.289526,28.958795431400745,56.843026010606835,28.439952570404046,3.4150534980742484,0.7156004742959595,True
2026-01-17 17:21:58.289526,29.37935926475207,60.34066200122882,37.73440410117718,5.443399802672583,0.6226559589882282,True
2026-01-17 18:21:58.289526,27.72993668223696,49.26870465801817,51.665370829037215,4.5639398265817395,0.48334629170962784,True
2026-01-17 19:21:58.289526,23.26396831037796,84.47815295190179,54.83338041287516,3.053151300967518,0.0,False
2026-01-17 20:21:58.289526,22.58630700354713,75.27992172122543,59.473053343411266,5.5014658535572,0.0,False
2026-01-17 21:21:58.289526,17.802700623824567,88.15144452520978,67.36121288851393,4.240641583793799,0.0,False
2026-01-17 22:21:58.289526,19.973209644348604,79.01010758086811,68.55330438385135,5.152421857103641,0.0,False
2026-01-17 23:21:58.289526,19.105500802782394,77.10666876474343,57.944214002515764,5.992419042694882,0.0,False
2026-01-18 00:21:58.289526,17.830090479320674,70.17523477731417,48.85608398935767,1.9708081733799305,0.0,False
2026-01-18 01:21:58.289526,19.84357637350724,80.30785929983288,57.842050102137534,1.2405835904817057,0.0,False
2026-01-18 02:21:58.289526,19.83658723514808,85.81972283163407,57.78149619756539,3.2835716509316444,0.0,False
2026-01-18 03:21:58.289526,17.150802913509583,89.54545414074563,53.93994855257313,1.7794294033148255,0.0,False
2026-01-18 04:21:58.289526,23.827647422239156,80.10273843259957,49.1394540159103,4.182353737938126,0.0,False
2026-01-18 05:21:58.289526,23.09128886573824,68.6217693452171,47.18914155701793,3.89657677582258,0.0,False
2026-01-18 06:21:58.289526,25.216816289661836,69.42596134321899,42.9541638110843,1.0854831223633326,0.570458361889157,True
2026-01-18 07:21:58.289526,28.810737005688022,56.91729987247347,41.998415829308954,1.9532394468039935,0.5800158417069105,True
2026-01-18 08:21:58.289526,32.917656281379855,49.77675419528579,26.844282514970303,4.654929113264691,0.7315571748502969,True
2026-01-18 09:21:58.289526,33.00652380919655,47.96444326184012,22.43325483210282,3.0763998692031524,0.7756674516789718,True
2026-01-18 10:21:58.289526,34.2342968024971,56.67706069952604,15.575175479322013,3.521268932610314,0.8442482452067799,True
2026-01-18 11:21:58.289526,36.09489584383044,46.64487206927822,16.171852861479692,2.396522578732127,0.838281471385203,True
2026-01-18 12:21:58.289526,33.57110747417931,61.10570239024829,21.716576939709455,2.851081200191862,0.7828342306029055,True
2026-01-18 13:21:58.289526,36.152254220107324,41.14545432509088,26.480563154480762,5.1685990387979315,0.7351943684551924,True
2026-01-18 14:21:58.289526,33.74697070596966,58.26194160625017,46.91273060642669,2.9784948880410838,0.5308726939357331,True
2026-01-18 15:21:58.289526,33.91640539724365,56.24743536266584,57.81185597527656,2.3358425473799764,0.4218814402472344,True
2026-01-18 16:21:58.289526,33.48819582538065,46.490535286497206,54.52912141360508,2.97259852155969,0.4547087858639492,True
2026-01-18 17:21:58.289526,27.9879965952973,62.91199592249384,49.081707688168535,4.813612061129272,0.5091829231183147,True
2026-01-18 18:21:58.289526,27.44007330446232,64.12037776367775,71.31210036211786,5.941517516297488,0.2868789963788214,True
2026-01-18 19:21:58.289526,24.4283715108805,67.16226243885099,76.66672235915433,4.63713449965555,0.0,False
2026-01-18 20:21:58.289526,21.399835230441283,76.17096685522218,75.89565320417881,5.631850437575535,0.0,False
2026-01-18 21:21:58.289526,21.87932465494796,71.41790802831031,73.70788658781021,5.708161297200821,0.0,False
2026-01-18 22:21:58.289526,18.618890071896207,77.82342636019081,84.2744313888922,4.352007400902156,0.0,False
2026-01-18 23:21:58.289526,18.297577323393657,81.93835080292473,93.0308960744685,4.676037812545846,0.0,False
2026-01-19 00:21:58.289526,21.37528010623183,80.84044476260966,90.04759736310797,3.6819935362248386,0.0,False
2026-01-19 01:21:58.289526,20.404122355667393,70.4256036001766,84.19941366976747,0.9270758109385491,0.0,False
2026-01-19 02:21:58.289526,19.46875977174265,86.12287516905026,77.27108477429323,1.7605099257660648,0.0,False
2026-01-19 03:21:58.289526,21.479006951466882,79.24228106773508,66.70945846547187,2.865932074859491,0.0,False
2026-01-19 04:21:58.289526,24.361823701858377,73.44052078035986,66.88987435500508,1.9068903620634248,0.0,False
2026-01-19 05:21:58.289526,24.92217843703518,65.81249737466854,55.19958565940908,2.641285507429751,0.0,False
2026-01-19 06:21:58.289526,26.132254426651492,79.45426408729405,57.771400159543305,2.370845645000921,0.42228599840456693,True
2026-01-19 07:21:58.289526,25.395074994083355,64.10243268465935,48.14810412345162,1.6370265538768156,0.5185189587654838,True
2026-01-19 08:21:58.289526,30.56919825999303,58.92259164638788,40.59383957159105,4.374797221876317,0.5940616042840895,True
2026-01-19 09:21:58.289526,30.410517929367007,55.606728189711156,14.622831802017231,4.1276283509631195,0.8537716819798277,True
2026-01-19 10:21:58.289526,34.193726258965015,53.83658634388227,11.769317421713708,2.9773891591998933,0.8823068257828629,True
2026-01-19 11:21:58.289526,37.03815921051403,48.33595178123123,9.856482395202988,4.077732961534233,0.9014351760479701,True
2026-01-19 12:21:58.289526,33.090300065283245,40.80887995931274,19.54269086904702,3.164743088388998,0.8045730913095298,True
2026-01-19 13:21:58.289526,33.15035110730134,51.420123203475974,19.14641339062922,2.5327504698924646,0.8085358660937078,True
2026-01-19 14:21:58.289526,29.642849282100205,59.85885204944395,12.983653858989783,3.914829282801981,0.8701634614101021,True
2026-01-19 15:21:58.289526,34.557086557703606,54.781899063055945,4.378034203282198,4.8134411621122375,0.956219657967178,True
2026-01-19 16:21:58.289526,30.798758216462414,62.1794426350598,76.94595432770569,4.018444504711099,0.23054045672294307,True
2026-01-19 17:21:58.289526,27.84145751273274,64.57935063301652,70.29007225258823,5.954989209392523,0.2970992774741177,True
2026-01-19 18:21:58.289526,26.241413703577216,64.30151343268332,64.14185010205051,4.438612625769283,0.3585814989794949,True
2026-01-19 19:21:58.289526,25.47847901894191,77.41191652131594,64.05777149143137,3.057816186539154,0.0,False
2026-01-19 20:21:58.289526,20.944182570872737,83.55906791112105,70.61042591278891,5.86172120981628,0.0,False
2026-01-19 21:21:58.289526,22.44694094811872,74.52656346126832,72.15214962562607,5.150209581503777,0.0,False
2026-01-19 22:21:58.289526,18.622878640239087,77.28541431838161,80.27662734943772,3.5474598718221078,0.0,False
2026-01-19 23:21:58.289526,15.241375136921986,81.08938910698242,65.41747333503821,4.730481176132317,0.0,False
2026-01-20 00:21:58.289526,18.740175671858037,78.05591171035076,77.02653956861406,1.9565973716547707,0.0,False
2026-01-20 01:21:58.289526,16.333388159625045,92.8589302395703,2.800906834252089,2.654681984220806,0.0,False
2026-01-20 02:21:58.289526,20.299139715021422,75.209090654431,1.1861526459678657,1.8756429585842367,0.0,False
2026-01-20 03:21:58.289526,20.048842535631607,72.00415216603483,2.124662396454596,1.4284208570455017,0.0,False
2026-01-20 04:21:58.289526,23.319555786544317,74.7060439739544,86.68659491867766,2.724389943772666,0.0,False
2026-01-20 05:21:58.289526,23.131896447214956,72.88500745459525,79.08858847155062,0.0,0.0,False
2026-01-20 06:21:58.289526,27.48943313358308,57.38229165586698,90.77258348829946,4.132894415297817,0.0922741651170054,True
2026-01-20 07:21:58.289526,27.824085209988645,75.80350640255723,97.44012152141318,3.6750343235359546,0.02559878478586825,True
2026-01-20 08:21:58.289526,30.547205578906937,61.4955554944255,16.88518010518885,2.807224389329674,0.8311481989481115,True
2026-01-20 09:21:58.289526,31.24610633531353,48.53389505861047,28.677697600113675,3.300211555838415,0.7132230239988633,True
2026-01-20 10:21:58.289526,33.279732855256036,48.069595926788544,30.905238258077816,3.51547975442426,0.6909476174192218,True
2026-01-20 11:21:58.289526,35.14451534531351,53.03047367430306,27.819325975951756,3.355736072823866,0.7218067402404824,True
2026-01-20 12:21:58.289526,30.66624779847592,59.295175417836745,27.85031252884619,3.7051735608475314,0.7214968747115381,True
2026-01-20 13:21:58.289526,33.97750153861946,53.62574637988937,25.202035125474083,2.5563696562392915,0.7479796487452591,True
2026-01-20 14:21:58.289526,29.470769562851707,56.57076397723338,13.71241060841271,3.1004489237330413,0.8628758939158729,True
2026-01-20 15:21:58.289526,35.604107893240965,51.86200280217299,14.000624974747325,3.934337576118091,0.8599937502525268,True
2026-01-20 16:21:58.289526,34.017483066798526,51.84249792316606,22.813727284525555,3.342851755056242,0.7718627271547445,True
2026-01-20 17:21:58.289526,31.95708055667705,64.65976214060787,22.4600107318725,4.048665891581457,0.775399892681275,True
2026-01-20 18:21:58.289526,27.61439627997918,66.10570059574431,37.28580282670754,2.5310415992306323,0.6271419717329246,True
2026-01-20 19:21:58.289526,26.564229903660276,64.67044099212791,19.57702402721776,6.24302254399317,0.0,False
2026-01-20 20:21:58.289526,19.86670807573467,72.0804587211702,25.693273430615307,4.858494169499583,0.0,False
2026-01-20 21:21:58.289526,24.698525112789206,67.4744753190594,30.078327053675253,5.283320100491789,0.0,False
2026-01-20 22:21:58.289526,20.636070024228626,67.64123899447637,27.297479953098275,4.303865173311836,0.0,False
2026-01-20 23:21:58.289526,18.71628398812176,80.0934685120328,18.91678192968152,6.507477667589405,0.0,False
2026-01-21 00:21:58.289526,20.735821883023874,78.47793085326805,19.581170183644645,1.165579552429818,0.0,False
2026-01-21 01:21:58.289526,18.741634405402746,78.82971278159741,34.56251033144292,2.9605699021162986,0.0,False
2026-01-21 02:21:58.289526,20.48307882490654,78.32813982220718,42.38155987722661,3.6787601598054094,0.0,False
2026-01-21 03:21:58.289526,20.315593837431994,85.92597443298556,27.235067926160582,3.385673857127232,0.0,False
2026-01-21 04:21:58.289526,24.015788199016313,86.98654230684521,19.198630792589825,3.154668080719386,0.0,False
2026-01-21 05:21:58.289526,21.51881671691277,86.36958768881121,11.008350510218804,1.4553266879802935,0.0,False
2026-01-21 06:21:58.289526,28.19883108168536,64.30207335418547,89.87058700979674,2.632958779202444,0.10129412990203264,True
2026-01-21 07:21:58.289526,27.271388226614484,67.36816322908551,97.5232432736579,3.359563527906293,0.02476756726342103,True
2026-01-21 08:21:58.289526,31.53153129751358,57.78689937313638,88.43464989942998,2.6363268097481543,0.11565350100570015,True
2026-01-21 09:21:58.289526,31.331534054128454,53.70261672327624,82.80021931127294,3.2680160916457877,0.1719978068872706,True
2026-01-21 10:21:58.289526,35.59228372113233,57.725681244633066,84.17346367483748,2.900555281049752,0.1582653632516252,True
2026-01-21 11:21:58.289526,32.80793657516286,58.63669809601189,80.0731626487231,2.6011752301384314,0.19926837351276902,True
2026-01-21 12:21:58.289526,33.72978419161985,53.987820571662276,64.09004438856073,4.438223763401595,0.3590995561143927,True
2026-01-21 13:21:58.289526,36.61379671850341,53.21609987696081,77.81938446215997,5.285239393878973,0.22180615537840026,True
2026-01-21 14:21:58.289526,34.68285774454292,54.43656250217311,95.11692956749687,4.300718847921779,0.04883070432503132,True
2026-01-21 15:21:58.289526,30.82669273503057,64.88724057803931,88.04160280706918,3.0397283880879087,0.11958397192930818,True
2026-01-21 16:21:58.289526,29.67806896186774,58.47344912852515,85.17008061066258,3.4811933559996127,0.1482991938933742,True
2026-01-21 17:21:58.289526,31.90756760080756,61.69140699480599,96.99153057173714,4.345365827018997,0.03008469428262856,True
2026-01-21 18:21:58.289526,28.14715137677428,65.55156174212507,15.68358565708212,3.8424454223868723,0.8431641434291788,True
2026-01-21 19:21:58.289526,25.248730066592774,64.24528566106954,0.7361132418031957,4.238515376276441,0.0,False
2026-01-21 20:21:58.289526,25.43171541699733,74.34332661839382,86.64189490579349,5.45644484598877,0.0,False
2026-01-21 21:21:58.289526,21.019105970055442,82.926106315124,77.04982572415258,4.684156292614192,0.0,False
2026-01-21 22:21:58.289526,25.302784040881846,69.51154986420663,78.09735796072022,2.343352494019733,0.0,False
2026-01-21 23:21:58.289526,21.512206069288123,69.5180178656168,68.87306907324398,6.33874226528363,0.0,False
2026-01-22 00:21:58.289526,18.96561709900666,80.52687320919297,79.45486936880201,0.7051032735419955,0.0,False
2026-01-22 01:21:58.289526,20.730303402897746,82.06200584569422,87.56317800260359,2.512223344766237,0.0,False
2026-01-22 02:21:58.289526,23.246418722109965,75.80333628399224,92.73099549938439,0.44678305916915506,0.0,False
2026-01-22 03:21:58.289526,23.56383160105756,72.29515161947995,3.508917570018184,2.9351690911524164,0.0,False
2026-01-22 04:21:58.289526,22.500090368296142,76.64454504180932,99.5107154346378,4.164464001821308,0.0,False
2026-01-22 05:21:58.289526,24.517536733983405,65.25082830996081,14.370543254028803,3.2661359610578486,0.0,False
2026-01-22 06:21:58.289526,28.475513199110015,58.59531896680194,16.037950436211077,2.3038189480085807,0.8396204956378892,True
2026-01-22 07:21:58.289526,27.0351100342021,59.25884955466898,11.806235243264496,2.819793926099474,0.881937647567355,True
2026-01-22 08:21:58.289526,34.31500227561426,64.14676685504817,9.060173806580394,4.137810015891118,0.909398261934196,True
2026-01-22 09:21:58.289526,30.086255245977213,57.920208050552105,12.035879211378301,0.4328117368283193,0.879641207886217,True
2026-01-22 10:21:58.289526,30.281048886721585,59.1077403354419,95.8559372972415,3.519008161364772,0.04144062702758504,True
2026-01-22 11:21:58.289526,32.99636978831666,58.50232550337079,3.472829513144859,3.7645809446944245,0.9652717048685514,True
2026-01-22 12:21:58.289526,34.82706603982947,54.61411145107862,89.04747660008303,3.3625396549459987,0.1095252339991697,True
2026-01-22 13:21:58.289526,37.078904991809836,45.08257775562206,84.40265053649347,2.6828984605862454,0.15597349463506532,True
2026-01-22 14:21:58.289526,36.480523264413975,43.58863415378015,69.59380202235513,3.6344353227496122,0.30406197977644867,True
2026-01-22 15:21:58.289526,34.30362225971131,58.35048964803446,88.17523883124954,4.62651533249733,0.11824761168750456,True
2026-01-22 16:21:58.289526,28.363119253596825,54.22655530374971,84.32988530076096,5.6024466839652804,0.15670114699239035,True
2026-01-22 17:21:58.289526,29.084030777045562,61.44953966229592,77.40629278922444,4.044342629615519,0.22593707210775563,True
2026-01-22 18:21:58.289526,31.23220140999906,53.779364893995684,85.49195440239674,3.354054613655637,0.14508045597603256,True
2026-01-22 19:21:58.289526,23.462727421936652,68.41449751454823,99.28021450444788,2.2656540211607483,0.0,False
2026-01-22 20:21:58.289526,22.919502115486655,67.40434078865398,1.6272741530376038,4.178638135480264,0.0,False
2026-01-22 21:21:58.289526,23.731509317204154,68.65029082524603,1.813812331353688,4.81524755794051,0.0,False
2026-01-22 22:21:58.289526,18.384335518516913,73.46574388243779,14.51803957696734,4.878969407540852,0.0,False
2026-01-22 23:21:58.289526,14.899038909825421,85.23111315769457,9.026471237672581,6.887378897628375,0.0,False
2026-01-23 00:21:58.289526,18.926768840444414,80.5804577936355,7.182739116406708,1.5346779240730803,0.0,False
2026-01-23 01:21:58.289526,20.434130130103412,85.18964785268263,1.6683755469944117,4.261910055324892,0.0,False
2026-01-23 02:21:58.289526,17.297954055024714,87.35334841419612,96.82993834792626,0.6313047609573876,0.0,False
2026-01-23 03:21:58.289526,22.518372966116416,72.77333482908523,88.10607826623556,1.813879782697833,0.0,False
2026-01-23 04:21:58.289526,24.41889485602506,56.72814257260467,98.3786051261032,3.4699415883652467,0.0,False
2026-01-23 05:21:58.289526,25.414617927973488,81.88153918122723,0.892635363884267,2.333552227058057,0.0,False
2026-01-23 06:21:58.289526,24.700432317870693,78.80831040362246,7.89119428858919,2.951953488941326,0.9210880571141081,True
2026-01-23 07:21:58.289526,30.88565174404647,59.4277233570476,98.3667015816269,0.861042450774006,0.016332984183731015,True
2026-01-23 08:21:58.289526,31.571199024887125,51.26503833807734,91.85974232077575,3.312544852943245,0.08140257679224248,True
2026-01-23 09:21:58.289526,34.09673617276873,53.38451972260285,15.446827503483519,2.2838376851695434,0.8455317249651648,True
2026-01-23 10:21:58.289526,34.13233254477809,53.75899915162007,21.802078259160453,2.899742640567052,0.7819792174083955,True
2026-01-23 11:21:58.289526,34.38592377714965,54.997563039082294,14.190919894593208,4.415939128124342,0.8580908010540679,True
2026-01-23 12:21:58.289526,34.56403903543586,43.038544740813734,99.71861039632938,2.649949807140858,0.0028138960367061826,True
2026-01-23 13:21:58.289526,30.177694488196018,60.22456785296672,1.0959038020592402,3.6775744614496895,0.9890409619794076,True
2026-01-23 14:21:58.289526,35.05773730248386,52.122288284770676,91.25500499006029,5.172021830075076,0.08744995009939714,True
2026-01-23 15:21:58.289526,30.835174450390696,56.84483594094345,95.39273707038637,2.4414162887951063,0.04607262929613626,True
2026-01-23 16:21:58.289526,27.873517670032093,64.3755015168003,90.50563876851936,5.044933933846196,0.09494361231480639,True
2026-01-23 17:21:58.289526,33.852873921887856,48.51755879351076,84.23249058503018,2.6405301947244197,0.15767509414969821,True
2026-01-23 18:21:58.289526,26.83812036021764,60.20758685498039,94.78012379581435,5.226995196612695,0.05219876204185653,True
2026-01-23 19:21:58.289526,26.387383804084042,66.3028111290784,4.816548178431162,3.781227882091009,0.0,False
2026-01-23 20:21:58.289526,21.88293475932513,71.51583311723458,84.0441019170197,4.770260275094139,0.0,False
2026-01-23 21:21:58.289526,20.934852504885622,76.10068248021433,82.9785095025768,5.100597444853329,0.0,False
2026-01-23 22:21:58.289526,21.844177907666168,77.76954561849088,87.60822272889493,4.840553099568559,0.0,False
2026-01-23 23:21:58.289526,23.431491886811195,68.29291380977646,85.03371422961959,5.9526570674829875,0.0,False
2026-01-24 00:21:58.289526,22.537699918315006,74.52341037820163,87.13554692486025,3.27053137460464,0.0,False
2026-01-24 01:21:58.289526,19.435886196017204,77.70597940391252,87.41074804564687,0.3104036383489106,0.0,False
2026-01-24 02:21:58.289526,20.976106415238494,68.14994246232722,97.20634398053767,2.1460739186393014,0.0,False
2026-01-24 03:21:58.289526,20.0609912969706,85.73307748933836,82.04972644768077,2.6657512229543023,0.0,False
2026-01-24 04:21:58.289526,23.939665359822794,73.6884249207007,92.26742252282963,4.705315099657556,0.0,False
2026-01-24 05:21:58.289526,25.7878243171945,74.82432308765794,94.59483401790817,4.529640682122961,0.0,False
2026-01-24 06:21:58.289526,27.380500574524955,72.51323616056949,86.65576450522917,2.055943463943843,0.13344235494770829,True
2026-01-24 07:21:58.289526,30.57872115288926,65.82652799580923,74.89528507411137,3.451277290784434,0.25104714925888627,True
2026-01-24 08:21:58.289526,32.65575002527251,55.930343663408784,75.97549004006072,4.409890734398007,0.2402450995993928,True
2026-01-24 09:21:58.289526,31.379968449687674,55.994291826365895,85.77635813419084,3.241147580781624,0.14223641865809156,True
2026-01-24 10:21:58.289526,35.992810283083955,38.67182354592957,78.86154592166952,2.948430846247908,0.21138454078330482,True
2026-01-24 11:21:58.289526,36.44486408156849,45.36632454814064,84.552368716704,3.743501368561085,0.15447631283296004,True
2026-01-24 12:21:58.289526,35.6746683257654,41.86593761709465,95.73068714732312,3.141977234219756,0.04269312852676876,True
2026-01-24 13:21:58.289526,32.791108318277615,50.97683421013146,7.556609290534254,3.699786606819014,0.9244339070946574,True
2026-01-24 14:21:58.289526,33.99833537308037,48.397259514618284,7.5880882135301135,3.637137028965946,0.9241191178646989,True
2026-01-24 15:21:58.289526,35.946298031229546,52.07961938414515,99.20232051391093,4.011578354993346,0.007976794860890663,True
2026-01-24 16:21:58.289526,31.484460444009652,61.07641651859044,94.55279676360993,2.198643754065702,0.05447203236390066,True
2026-01-24 17:21:58.289526,28.04032036153394,67.16168149130081,86.56721254146237,3.9982888933747396,0.13432787458537632,True
2026-01-24 18:21:58.289526,28.200560491913354,61.44575280104191,83.56590474863822,4.20624755166546,0.16434095251361783,True
2026-01-24 19:21:58.289526,27.289476546432482,62.898254284266784,82.62585842584093,3.3090228082487423,0.0,False
2026-01-24 20:21:58.289526,24.14759436471632,77.28813847660174,88.89942119109782,5.1642869590994795,0.0,False
2026-01-24 21:21:58.289526,22.743324700909973,76.99441185152187,76.77181063988633,4.582096373214426,0.0,False
2026-01-24 22:21:58.289526,20.924383822585312,75.36464998056493,89.51796431751904,3.147639892443869,0.0,False
2026-01-24 23:21:58.289526,18.737765319740504,79.78182727968763,84.39908211265265,6.091314159012694,0.0,False
2026-01-25 00:21:58.289526,17.01746633234177,88.93903700537498,82.31146530873127,3.2399430735833294,0.0,False
2026-01-25 01:21:58.289526,19.46363883814665,78.55507705485883,68.54712663956565,2.138190300685577,0.0,False
2026-01-25 02:21:58.289526,22.153190238203916,79.06929587399758,51.40059539486765,2.1017839443827175,0.0,False
2026-01-25 03:21:58.289526,24.756621662076263,72.9880803250608,53.14957357603686,3.301868674154816,0.0,False
2026-01-25 04:21:58.289526,24.51747587417389,70.4460591235727,71.6993566933258,2.6869082088881306,0.0,False
2026-01-25 05:21:58.289526,24.601721766623772,63.078001870911734,76.19151650534326,2.3412860635607844,0.0,False
2026-01-25 06:21:58.289526,30.125160250161056,63.627823075030356,95.19863960518603,3.1891397897096825,0.04801360394813969,True
2026-01-25 07:21:58.289526,31.6448865492996,62.85335391819537,6.092744776043276,3.5144641039894395,0.9390725522395672,True
2026-01-25 08:21:58.289526,31.219291198574727,58.647044891085855,10.74990262084384,4.218397985557648,0.8925009737915616,True
2026-01-25 09:21:58.289526,36.553117091332005,57.074949646968484,18.637894631353447,3.8386664665772217,0.8136210536864655,True
2026-01-25 10:21:58.289526,35.11815426375713,52.12268197497867,27.168848356318563,3.2566865939675425,0.7283115164368144,True
2026-01-25 11:21:58.289526,36.6219894185352,46.29421773041312,33.94782684994419,1.8597949648255265,0.660521731500558,True
2026-01-25 12:21:58.289526,33.34708025213833,51.04401143286055,28.609627174645766,3.8800613682738465,0.7139037282535423,True
2026-01-25 13:21:58.289526,33.837160532167395,51.76899725275935,34.12199812433789,4.204352846138867,0.6587800187566211,True
2026-01-25 14:21:58.289526,35.458437704092766,60.78343842973044,32.10270722127774,4.5674865314670505,0.6789729277872226,True
2026-01-25 15:21:58.289526,31.126462810985526,66.20749287709752,40.70115614747505,4.044676400133413,0.5929884385252495,True
2026-01-25 16:21:58.289526,28.739242845636586,54.72705379565996,46.78928903085233,3.683273522445407,0.5321071096914767,True
2026-01-25 17:21:58.289526,31.49372231103198,58.17117149316024,43.13054133766599,4.56695432500057,0.5686945866233402,True
2026-01-25 18:21:58.289526,31.39646042389655,51.11321759623865,31.180369079702302,6.107507202816194,0.688196309202977,True
2026-01-25 19:21:58.289526,24.385572185031382,71.76703757694307,24.309742692596444,4.439413961057951,0.0,False
2026-01-25 20:21:58.289526,25.738202059188712,73.8252956390187,20.998923035221424,3.3149164290797564,0.0,False
2026-01-25 21:21:58.289526,20.378560383521467,83.1502886437403,22.269113909913074,5.469457127779792,0.0,False
2026-01-25 22:21:58.289526,19.73075685929807,80.68008916067951,27.33779998356755,4.717470665233833,0.0,False
2026-01-25 23:21:58.289526,21.460516432286763,76.60889922570438,12.237669013369612,5.247229769653718,0.0,False
2026-01-26 00:21:58.289526,19.60269316870503,89.9800988801479,92.16913421123274,3.010915625936155,0.0,False
2026-01-26 01:21:58.289526,20.69687763067738,88.18055327505792,92.4389252198007,0.6190584646145576,0.0,False
2026-01-26 02:21:58.289526,21.25097272975077,71.61076734901727,75.87900632877768,1.5122474370130599,0.0,False
2026-01-26 03:21:58.289526,22.913524273101128,77.83514647614857,73.92678255494076,2.855384340683554,0.0,False
2026-01-26 04:21:58.289526,26.353227325874656,62.016743746861316,47.798708280932544,2.7930268569278582,0.0,False
2026-01-26 05:21:58.289526,26.480564983993826,71.13670205601777,73.34372962097547,2.860253293527935,0.0,False
2026-01-26 06:21:58.289526,27.57193987309361,64.39596270533046,81.16544393567119,2.536436982888049,0.18834556064328808,True
2026-01-26 07:21:58.289526,25.254090421309527,71.58772295303758,89.65978469670313,2.860695866129294,0.10340215303296872,True
2026-01-26 08:21:58.289526,30.23542816958618,56.7504721941924,95.11259958580683,2.5942742866238557,0.048874004141931666,True
2026-01-26 09:21:58.289526,33.3918924043638,60.00683611918261,92.27788508121353,0.9267173822111743,0.07722114918786474,True
