timestamp,temperature,humidity,cloud_cover,wind_speed,shortwave_radiation,direct_radiation,diffuse_radiation,is_daylight
2025-12-30 00:00:00,15.669120904364348,88.85727756301543,91.6835099855752,2.1188537640465017,-0.0,-0.0,0.0,False
2025-12-30 01:00:00,17.298260829994902,82.11718996551032,90.22091458798026,1.9346569818069743,-0.0,-0.0,0.0,False
2025-12-30 02:00:00,18.356300674342194,85.32071765722297,8.187862706280553,3.9182893983969107,-0.0,-0.0,0.0,False
2025-12-30 03:00:00,20.362274827870685,72.33275177871175,10.937442872367447,2.242302968219892,-0.0,-0.0,0.0,False
2025-12-30 04:00:00,21.896929269489554,73.4353697521623,15.954936530507531,1.2289112399255768,-0.0,-0.0,0.0,False
2025-12-30 05:00:00,26.464138369313794,65.28205702326298,1.4823158535383456,4.1878679560953085,-0.0,-0.0,0.0,False
2025-12-30 06:00:00,22.913107471964697,75.27429695096815,6.3235625539436535,3.095291473336572,0.0,0.0,0.0,True
2025-12-30 07:00:00,29.074805514670956,62.384535389622826,7.058854062213195,2.396655128760477,464.70572968893396,302.33198128801433,162.37374840091962,True
2025-12-30 08:00:00,27.082154103205156,55.76070459707405,17.364463663810227,3.3802845064359124,715.644737224924,413.96380680727225,301.6809304176518,True
2025-12-30 09:00:00,30.64780588130351,56.32484523181431,11.122861094412226,2.635527208629303,888.7713890558776,552.94020740302,335.8311816528576,True
2025-12-30 10:00:00,29.39003999967609,61.987205687303515,18.282490859312666,5.578137980550251,707.694388498223,404.81715862641664,302.8772298718064,True
2025-12-30 11:00:00,31.067848779356105,64.47568548301948,27.97010278838964,4.789341973469941,360.14948605805176,181.59071323103038,178.5587728270214,True
2025-12-30 12:00:00,32.34421284260666,47.89972737066068,20.399971674769734,4.5855625862831175,9.748191990053191e-14,5.4316945096961175e-14,4.3164974803570734e-14,True
2025-12-30 13:00:00,30.241562049697478,55.42312844320468,24.619619046914927,3.7111017216478523,0.0,0.0,0.0,True
2025-12-30 14:00:00,29.367279188666547,70.576536953624,30.534893827239802,3.4983378034613613,0.0,0.0,0.0,True
2025-12-30 15:00:00,27.109834819803954,75.15684386662733,17.15205515749052,4.260299246075951,0.0,0.0,0.0,True
2025-12-30 16:00:00,29.20463711813252,52.08293307289635,20.998502396641154,3.691849518580172,0.0,0.0,0.0,True
2025-12-30 17:00:00,27.42762962303877,68.9933551583861,25.23143502660081,3.8154711021336847,0.0,0.0,0.0,True
2025-12-30 18:00:00,23.420255342084833,73.36763151736547,35.529497681719256,4.630459910040215,0.0,0.0,0.0,True
2025-12-30 19:00:00,21.666329843644856,74.18369411880596,21.76357652947503,2.289781150776425,0.0,0.0,0.0,False
2025-12-30 20:00:00,22.816608557378068,82.11386751326731,16.1948239854051,4.483068706531152,0.0,0.0,0.0,False
2025-12-30 21:00:00,16.43631560076165,88.63340216302028,17.571141382500624,4.166458595881319,0.0,0.0,0.0,False
2025-12-30 22:00:00,13.587666680148656,80.58562943716613,26.77118069081945,5.002412537558654,0.0,0.0,0.0,False
2025-12-30 23:00:00,17.00915945003508,83.26463299507242,29.641426242924442,3.180798111033676,0.0,0.0,0.0,False
2025-12-31 00:00:00,13.119950076432872,95.0,29.74679239120421,1.8800877356222667,-0.0,-0.0,0.0,False
2025-12-31 01:00:00,21.035520814693598,75.70015432341118,13.818674037755052,0.7719578351014287,-0.0,-0.0,0.0,False
2025-12-31 02:00:00,14.347969998742125,95.0,11.89186427151092,0.8289405943079262,-0.0,-0.0,0.0,False
2025-12-31 03:00:00,21.416766242743346,76.2033563542048,10.187672294704191,0.46485680638720317,-0.0,-0.0,0.0,False
2025-12-31 04:00:00,25.076662908357488,77.20202291735781,2.487266658831321,1.719864758037902,-0.0,-0.0,0.0,False
2025-12-31 05:00:00,24.969413414266235,75.33122226665105,3.571677088098222,3.39487114770837,-0.0,-0.0,0.0,False
2025-12-31 06:00:00,23.840792673179713,70.05701973320038,2.9959702486432995,1.0457807915144033,0.0,0.0,0.0,True
2025-12-31 07:00:00,31.110258468487316,56.79189415092444,91.69635086924038,2.6479762128602413,41.51824565379811,2.4132706110367765,39.10497504276133,True
2025-12-31 08:00:00,30.078573563399196,59.36645257466251,1.1684321169450627,1.6008539719496047,855.9064848257179,592.134058996199,263.77242582951897,True
2025-12-31 09:00:00,27.773319784951198,64.70676750215773,92.02432623724727,3.012616890887084,79.75673762752734,4.452796037890365,75.30394158963698,True
2025-12-31 10:00:00,32.16997778381654,52.481982355177784,91.36333204635716,6.7259770627814,74.79573851905664,4.521901705556101,70.27383681350054,True
2025-12-31 11:00:00,30.714856214667808,52.046373359388824,87.18573388691158,2.461427611623557,64.07133056544211,5.747189560596619,58.324141004845494,True
2025-12-31 12:00:00,34.23345925518907,55.409611413407596,54.7655919722124,6.009006207046349,5.539617300255543e-14,1.7540691649428527e-14,3.7855481353126896e-14,True
2025-12-31 13:00:00,29.858073539275814,58.45891939379479,55.094623720906235,3.0180806562663487,0.0,0.0,0.0,True
2025-12-31 14:00:00,29.347515012937986,57.66463409465315,64.24494344659121,5.688280798755411,0.0,0.0,0.0,True
2025-12-31 15:00:00,29.234863281345607,54.748886793678345,61.46331445653175,3.0194424134882194,0.0,0.0,0.0,True
2025-12-31 16:00:00,27.12256011132225,64.37645613964132,41.319813037473494,4.4553308166548415,0.0,0.0,0.0,True
2025-12-31 17:00:00,26.72923443018335,64.57136970922346,46.14957333177775,2.5204087803323727,0.0,0.0,0.0,True
2025-12-31 18:00:00,25.232879724577828,71.49053527454156,49.656263821701415,5.53889828232004,0.0,0.0,0.0,True
2025-12-31 19:00:00,24.951739831438058,78.74384955055969,46.92948438034781,5.901099131871003,0.0,0.0,0.0,False
2025-12-31 20:00:00,20.9917811350187,77.4180646768569,53.81435782289987,5.115916431444435,0.0,0.0,0.0,False
2025-12-31 21:00:00,21.691692142449373,79.36908147754463,51.266181512062666,3.106815092705128,0.0,0.0,0.0,False
2025-12-31 22:00:00,18.430747535222025,82.30332055033507,46.916167375362946,5.446298702372524,0.0,0.0,0.0,False
2025-12-31 23:00:00,20.795240580069656,78.886934018472,45.28119241445828,3.4869225349803634,0.0,0.0,0.0,False
2026-01-01 00:00:00,18.794560052581293,81.2817157343391,40.644434184476275,2.444570443182372,-0.0,-0.0,0.0,False
2026-01-01 01:00:00,19.81712481919668,82.94487050953033,43.851997017649914,2.528337494103688,-0.0,-0.0,0.0,False
2026-01-01 02:00:00,18.91431865549438,86.84965146253039,41.522807024017226,3.5428470566753525,-0.0,-0.0,0.0,False
2026-01-01 03:00:00,19.89706933431389,83.25726808272397,34.82075086428654,0.0,-0.0,-0.0,0.0,False
2026-01-01 04:00:00,20.243627040313115,73.30681794059052,36.64191667412399,2.1167732878557226,-0.0,-0.0,0.0,False
2026-01-01 05:00:00,20.391523673525572,76.327006673676,36.82521998554363,3.626289963780863,-0.0,-0.0,0.0,False
2026-01-01 06:00:00,24.897041163690705,80.61001574740007,32.107239191643146,3.641180899977144,0.0,0.0,0.0,True
2026-01-01 07:00:00,22.790836710367056,67.67600658307157,35.00566081973787,2.01498990173124,324.9716959013106,147.84924439176348,177.12245150954715,True
2026-01-01 08:00:00,31.591845377698743,58.297537373686524,42.25486400692646,2.608336412908222,500.0875471498883,202.1433639302901,297.9441832195982,True
2026-01-01 09:00:00,29.66946595004532,60.61252001039466,42.02860749860191,1.5061530751158776,579.7139250139809,235.2477643985808,344.4661606154001,True
2026-01-01 10:00:00,34.161030591405385,47.96460074105925,31.604273064508448,2.711937039790978,592.3243703643928,283.58719124875984,308.737179115633,True
2026-01-01 11:00:00,34.86113247185784,52.491409710441324,35.638506380816025,5.18314266078007,321.80746809591983,144.98406513122904,176.82340296469079,True
2026-01-01 12:00:00,30.49911151493712,51.76050706960365,36.6687964675856,2.929579427412831,7.755835569212085e-14,3.438304806983967e-14,4.317530762228118e-14,True
2026-01-01 13:00:00,32.40113430322933,58.52735927788804,37.51010723542697,5.426366447079123,0.0,0.0,0.0,True
2026-01-01 14:00:00,29.241764256717474,56.655906297505055,34.01712456931361,1.8658632709632228,0.0,0.0,0.0,True
2026-01-01 15:00:00,28.027881744671312,66.93286531917015,43.453873392959196,3.2186468330136586,0.0,0.0,0.0,True
2026-01-01 16:00:00,28.621151886156362,65.42685831835456,44.08993928249315,4.831301212856917,0.0,0.0,0.0,True
2026-01-01 17:00:00,27.964630415190562,56.4152810768549,41.19249904972949,2.5886746470343067,0.0,0.0,0.0,True
2026-01-01 18:00:00,28.167293602710075,67.16376937480354,50.546437739405704,4.70868181341411,0.0,0.0,0.0,True
2026-01-01 19:00:00,25.072087086166203,67.01503719935991,45.216225740882344,8.383118904472438,0.0,0.0,0.0,False
2026-01-01 20:00:00,21.043743598882546,78.64264321630245,43.19985702213104,4.132818297904321,0.0,0.0,0.0,False
2026-01-01 21:00:00,21.674862368609666,77.8057819736638,50.83300296786518,2.470722714471591,0.0,0.0,0.0,False
2026-01-01 22:00:00,17.675170556264785,88.22968610192147,41.413593017531284,2.798335032518957,0.0,0.0,0.0,False
2026-01-01 23:00:00,17.027172435843426,87.2575947612255,42.9979718428019,5.804252529259426,0.0,0.0,0.0,False
2026-01-02 00:00:00,17.650104238818987,82.89437399454262,34.764870146160135,3.3326156554393016,-0.0,-0.0,0.0,False
2026-01-02 01:00:00,17.662549796813835,81.4711642239171,35.11205243988553,3.0048711138872264,-0.0,-0.0,0.0,False
2026-01-02 02:00:00,15.807594294476152,88.63753257627985,41.01811677859249,0.8515384439078917,-0.0,-0.0,0.0,False
2026-01-02 03:00:00,19.95678705794774,83.1015638925121,32.31968293207092,1.64119246908724,-0.0,-0.0,0.0,False
2026-01-02 04:00:00,21.585281592744426,80.35737164284706,52.69013276449155,3.5848421950750877,-0.0,-0.0,0.0,False
2026-01-02 05:00:00,23.20387527261462,66.49548940868114,69.57533410253713,0.0,-0.0,-0.0,0.0,False
2026-01-02 06:00:00,21.50339678403149,74.72034100512296,78.15023724798652,3.813200038823701,0.0,0.0,0.0,True
2026-01-02 07:00:00,27.37211076630867,66.42502171573221,68.41917894281023,2.4574608016241517,157.90410528594882,34.907189052618406,122.99691623333041,True
2026-01-02 08:00:00,25.919340554056582,72.39936491690155,60.533469776548415,2.0007425600503157,341.7901777273541,94.42490665548856,247.36527107186555,True
2026-01-02 09:00:00,30.822363477816218,69.26871927353065,65.04832096443562,3.689979746399615,349.5167903556438,85.51339071835775,264.00339963728607,True
2026-01-02 10:00:00,29.76235004096706,60.638374278571135,50.958047839483264,3.122301968485341,424.71576422188633,145.80223133550936,278.91353288637697,True
2026-01-02 11:00:00,34.86124084094702,52.11445677240154,47.531326932419866,2.7274101237122688,262.34336533790065,96.35365787154129,165.98970746635936,True
2026-01-02 12:00:00,31.131217491816066,55.75547429426351,49.4198866981683,4.816177557534453,6.194277385559866e-14,2.1931507638921432e-14,4.001126621667723e-14,True
2026-01-02 13:00:00,35.483903124591606,48.970528569517015,46.877129539118954,5.7137709598845365,0.0,0.0,0.0,True
2026-01-02 14:00:00,31.324560539525294,61.67396617321493,31.397939848541412,3.1883207536686236,0.0,0.0,0.0,True
2026-01-02 15:00:00,29.229107647520195,54.408277744389494,35.26681332293511,3.2525514954762187,0.0,0.0,0.0,True
2026-01-02 16:00:00,30.094923023732303,56.38735577613042,32.50378363116603,3.929196374394317,0.0,0.0,0.0,True
2026-01-02 17:00:00,28.296620198469075,63.598403252280164,40.72019366597571,4.411406895232317,0.0,0.0,0.0,True
2026-01-02 18:00:00,25.81927622711911,64.34131207942684,25.727029176272595,3.540045088215192,0.0,0.0,0.0,True
2026-01-02 19:00:00,21.65386366697243,71.93692791912552,25.039629566246674,4.960525937191992,0.0,0.0,0.0,False
2026-01-02 20:00:00,23.691106191063376,58.190657503762026,23.315058794698942,4.786180954452556,0.0,0.0,0.0,False
2026-01-02 21:00:00,20.389005593256304,86.84084330045832,25.029913818747858,4.849657002410643,0.0,0.0,0.0,False
2026-01-02 22:00:00,16.86206391129878,76.5105121697569,13.220482292717037,4.009270164762523,0.0,0.0,0.0,False
2026-01-02 23:00:00,20.088617106252237,77.7484064152784,7.459453781687344,3.368022178596498,0.0,0.0,0.0,False
2026-01-03 00:00:00,14.367964612975998,95.0,12.083691894743495,0.6629148420058435,-0.0,-0.0,0.0,False
2026-01-03 01:00:00,15.073613372318997,88.52925311859977,18.01947616330402,1.117121421626418,-0.0,-0.0,0.0,False
2026-01-03 02:00:00,18.69659135903024,82.0598597218237,99.39885265351546,3.0249849604445296,-0.0,-0.0,0.0,False
2026-01-03 03:00:00,18.646855745045436,86.36086471980494,97.0338308006807,2.655710830353221,-0.0,-0.0,0.0,False
2026-01-03 04:00:00,21.22002846168096,74.933125981755,84.45342777294921,2.7902230017479663,-0.0,-0.0,0.0,False
2026-01-03 05:00:00,26.00777119628462,70.98994325542795,87.7804827575578,3.129235197599258,-0.0,-0.0,0.0,False
2026-01-03 06:00:00,25.527240606607926,67.3848425224514,93.16454399849927,3.2550665432840775,0.0,0.0,0.0,True
2026-01-03 07:00:00,25.889336844227138,63.60992851248398,5.814655869245655,2.661307205492607,470.9267206537717,310.48076671600177,160.44595393776996,True
2026-01-03 08:00:00,28.72218933263279,59.68647021307988,98.80816115381545,3.4882493224767726,10.321627180129564,0.08611201360378913,10.235515166525776,True
2026-01-03 09:00:00,29.21795249099509,48.94161595488937,15.614309969898088,2.1119869077810156,843.8569003010192,498.466127729951,345.3907725710682,True
2026-01-03 10:00:00,28.160506900061876,63.841404465442984,7.778392570769753,1.726051688178143,798.6625481154912,515.5776078651487,283.08494025034247,True
2026-01-03 11:00:00,30.802964413016078,46.82404755837595,2.153685804907653,3.3351827622849655,489.23157097546164,335.08654205476546,154.14502892069618,True
2026-01-03 12:00:00,33.3988079677966,58.685119008815384,0.5050543036805237,2.276835648053575,1.2184616677833738e-13,8.486154422840755e-14,3.698462254992983e-14,True
2026-01-03 13:00:00,35.155701525111354,55.82170000297109,88.95738223939617,5.032693698360131,0.0,0.0,0.0,True
2026-01-03 14:00:00,29.449082777149926,55.345000871847226,91.19892857061868,2.783763993303567,0.0,0.0,0.0,True
2026-01-03 15:00:00,30.26092161784932,62.01697588188499,81.24978301348769,3.5710012366291464,0.0,0.0,0.0,True
2026-01-03 16:00:00,26.01823211941238,70.15941737534534,57.1651318627525,4.524730902962456,0.0,0.0,0.0,True
2026-01-03 17:00:00,28.599604164721367,68.42616640585885,32.00548110537238,3.7813139680548957,0.0,0.0,0.0,True
2026-01-03 18:00:00,24.08457298199248,67.15402656678917,34.77354350819604,4.105309364507662,0.0,0.0,0.0,True
2026-01-03 19:00:00,18.825041501326332,79.32233718156449,39.25783246742057,2.953754828473291,0.0,0.0,0.0,False
2026-01-03 20:00:00,25.711455504413035,65.09338497045547,31.89709510392811,3.4675324785116657,0.0,0.0,0.0,False
2026-01-03 21:00:00,17.299844185741584,82.86044208358948,38.98397732246016,4.850978562803483,0.0,0.0,0.0,False
2026-01-03 22:00:00,17.061662000605992,86.69140921726537,41.56720981471949,5.5364297234235265,0.0,0.0,0.0,False
2026-01-03 23:00:00,16.01621534780823,95.0,38.071565300053805,5.436463581560032,0.0,0.0,0.0,False
2026-01-04 00:00:00,17.801639841238394,87.21020335415562,37.48342378391783,1.342090210627524,-0.0,-0.0,0.0,False
2026-01-04 01:00:00,18.5388252686402,77.35080466140232,38.666064846697736,3.663449571457739,-0.0,-0.0,0.0,False
2026-01-04 02:00:00,19.319355094122777,83.80923787337238,35.610255016263494,2.769451624565699,-0.0,-0.0,0.0,False
2026-01-04 03:00:00,22.137998850451076,71.97183422657888,24.947586476699314,0.230603938765245,-0.0,-0.0,0.0,False
2026-01-04 04:00:00,21.90854471432162,71.54914241572956,20.98385213192006,2.254109849435277,-0.0,-0.0,0.0,False
2026-01-04 05:00:00,24.299138007178115,67.04071394530298,19.612842679731983,2.635923628828393,-0.0,-0.0,0.0,False
2026-01-04 06:00:00,26.378926119917185,68.68413477681752,18.855287652368332,2.4009598234636167,0.0,0.0,0.0,True
2026-01-04 07:00:00,30.59778586955019,62.15887902473148,12.805309754275612,4.163546992826296,435.9734512286219,266.1019902466738,169.87146098194813,True
2026-01-04 08:00:00,29.238227507043973,60.56148567483587,2.3149707485960676,3.9840646070011814,845.9771690114179,578.4751315063016,267.5020375051163,True
2026-01-04 09:00:00,34.35973862158975,52.25641125675827,22.765071338030964,2.7119091492382985,772.3492866196904,417.56639437936116,354.7828922403292,True
2026-01-04 10:00:00,33.460849798187034,43.63471060875337,18.30087667860019,3.9514542736018496,707.5351626324992,404.63501754297454,302.9001450895247,True
2026-01-04 11:00:00,32.949292707741556,50.20094678709719,19.48254032862559,3.529071622874829,402.587298356872,226.90714591759908,175.68015243927292,True
2026-01-04 12:00:00,33.90379770570125,51.31459438681122,31.971786635791062,3.057110074010301,8.331053374819168e-14,3.967226735715679e-14,4.3638266391034887e-14,True
2026-01-04 13:00:00,32.17535778506952,48.54972549992934,38.73518970042008,1.9096197230294754,0.0,0.0,0.0,True
2026-01-04 14:00:00,30.975463132668498,52.75402221135222,27.677595562895135,3.6648319041189166,0.0,0.0,0.0,True
2026-01-04 15:00:00,30.535816923370447,62.238311737223206,22.529688036164686,3.641698253053983,0.0,0.0,0.0,True
2026-01-04 16:00:00,29.108526221531374,58.90585638846307,21.1638306353901,4.24514790302756,0.0,0.0,0.0,True
2026-01-04 17:00:00,25.722208789536776,66.70853007795681,28.351453869979764,6.041467110951831,0.0,0.0,0.0,True
2026-01-04 18:00:00,26.39424128727152,67.89971506740713,27.281415992173095,3.59966957533117,0.0,0.0,0.0,True
2026-01-04 19:00:00,22.694364785782827,64.9419441701706,12.311677617026021,4.42984889563833,0.0,0.0,0.0,False
2026-01-04 20:00:00,19.340168460635013,74.93931444129781,13.484944924451526,4.608610403958276,0.0,0.0,0.0,False
2026-01-04 21:00:00,21.442195284764583,70.84153965778907,17.657318033517754,5.112640258986048,0.0,0.0,0.0,False
2026-01-04 22:00:00,23.883215655673098,77.785679415012,11.754958634554356,4.226480962384163,0.0,0.0,0.0,False
2026-01-04 23:00:00,19.026809783869417,85.43010475648163,13.75931220903911,5.555529405528913,0.0,0.0,0.0,False
2026-01-05 00:00:00,18.684916618706087,73.14190338555704,39.44607506664664,1.8656452867410516,-0.0,-0.0,0.0,False
2026-01-05 01:00:00,15.86046741025756,84.24595896528544,41.71773633692675,0.17771246828692533,-0.0,-0.0,0.0,False
2026-01-05 02:00:00,20.70183146499899,66.48252277487038,47.572552122799465,1.045992228401648,-0.0,-0.0,0.0,False
2026-01-05 03:00:00,19.876661213433334,87.73362251039718,35.603303659022544,2.9812996103899287,-0.0,-0.0,0.0,False
2026-01-05 04:00:00,21.18462933059122,83.44121094699419,42.44069690503417,0.9709240213170232,-0.0,-0.0,0.0,False
2026-01-05 05:00:00,22.456634225431248,67.02429363991122,34.29969322155725,2.822641313747509,-0.0,-0.0,0.0,False
2026-01-05 06:00:00,25.430420256570944,69.38840128509763,39.32053736268503,4.296986784968254,0.0,0.0,0.0,True
2026-01-05 07:00:00,25.599146874104324,61.219652790101776,47.43028461508186,1.238002973071914,262.84857692459065,96.72512414779543,166.1234527767952,True
2026-01-05 08:00:00,27.934108763920474,70.52341682504921,51.68870988286386,2.9179571431474294,418.38804531039983,141.49006366972557,276.8979816406743,True
2026-01-05 09:00:00,32.3566303806906,51.064818161380146,53.25533138346904,3.229864194183029,467.4466861653096,152.95448308485058,314.49220308045903,True
2026-01-05 10:00:00,28.700300861857706,67.52277397580815,42.15124043078026,4.066025727587315,500.9849536436243,202.869506917887,298.1154467257373,True
2026-01-05 11:00:00,29.97732145581096,67.60362235442987,43.661675923298475,4.261991740267135,281.6916203835076,111.09023659200062,170.60138379150698,True
2026-01-05 12:00:00,34.76846281164302,51.7466644158752,42.13927890701234,3.156020146835624,7.085894688288509e-14,2.8699648337734086e-14,4.2159298545151e-14,True
2026-01-05 13:00:00,31.795004434895635,54.158181059119414,63.70038975905382,3.6151203338791302,0.0,0.0,0.0,True
2026-01-05 14:00:00,31.53581587989203,58.510702939461304,64.41470663102871,3.927605447088948,0.0,0.0,0.0,True
2026-01-05 15:00:00,31.818656795334388,51.64798882062064,67.14078388340397,4.155640514419627,0.0,0.0,0.0,True
2026-01-05 16:00:00,29.465183813876397,60.76763765345693,66.94650747399845,3.2164938685746614,0.0,0.0,0.0,True
2026-01-05 17:00:00,33.22570855376131,47.2185532604031,77.45814358427653,5.202769352303645,0.0,0.0,0.0,True
2026-01-05 18:00:00,24.534757615290665,73.73453274508763,74.82654561704558,4.267739837819212,0.0,0.0,0.0,True
2026-01-05 19:00:00,22.51311770278354,78.6150875553263,71.70948262936582,4.825073045134645,0.0,0.0,0.0,False
2026-01-05 20:00:00,23.565633607167467,65.64433495357726,59.986559073151085,2.661284711231027,0.0,0.0,0.0,False
2026-01-05 21:00:00,22.67006922344011,78.55603933976846,50.31247838591392,6.678697843296126,0.0,0.0,0.0,False
2026-01-05 22:00:00,20.916882871507276,75.45663732552462,44.757024285788646,6.017616055973252,0.0,0.0,0.0,False
2026-01-05 23:00:00,18.127297603299535,95.0,39.56220073390935,5.753694146544872,0.0,0.0,0.0,False
2026-01-06 00:00:00,15.424627323361687,81.15578371385234,47.6311765578086,2.5081909013943875,-0.0,-0.0,0.0,False
2026-01-06 01:00:00,18.10481249414009,89.73821341915325,58.4737084095199,1.2972175479297072,-0.0,-0.0,0.0,False
2026-01-06 02:00:00,17.270294845109536,85.71458655512059,37.66330437243994,2.1473259531951143,-0.0,-0.0,0.0,False
2026-01-06 03:00:00,18.864085198128066,81.35278334689518,32.052040360819376,0.8729405123178846,-0.0,-0.0,0.0,False
2026-01-06 04:00:00,23.943612797972417,66.6400502244353,47.02745005608608,2.7606572072126605,-0.0,-0.0,0.0,False
2026-01-06 05:00:00,20.680631543698965,89.27943238749218,55.49707879986647,3.546474912883408,-0.0,-0.0,0.0,False
2026-01-06 06:00:00,28.17286431024712,66.64109593084089,45.536907218412296,1.2188909226394655,0.0,0.0,0.0,True
2026-01-06 07:00:00,27.364538180756526,69.79962973437412,57.89950237854805,2.5870089359833153,210.50248810725975,62.03581649908585,148.4666716081739,True
2026-01-06 08:00:00,28.98011233620036,59.952204753267296,48.51507641892553,2.2881811494547035,445.87251733110975,160.68998737185441,285.18252995925536,True
2026-01-06 09:00:00,30.843396130392016,56.053512921318635,41.27362937140546,4.189858284054754,587.2637062859453,241.41506250449353,345.84864378145176,True
2026-01-06 10:00:00,34.192867492210915,54.621700376175426,50.090227703695916,1.5164680331037377,432.2313070569614,151.00796280182783,281.22334425513355,True
2026-01-06 11:00:00,32.498253520605694,57.07141390764498,39.714101919197276,3.1582332211572157,301.4294904040136,127.20363275931268,174.22585764470094,True
2026-01-06 12:00:00,34.447294033890714,54.80158113309865,26.445650950147638,2.362662661895477,9.007809812726887e-14,4.6379451099799896e-14,4.369864702746897e-14,True
2026-01-06 13:00:00,33.47873860246024,55.72390509819659,22.89266508760437,3.1345914088217492,0.0,0.0,0.0,True
2026-01-06 14:00:00,29.861432513395158,59.08428574097674,27.431035082663897,1.8090938878116538,0.0,0.0,0.0,True
2026-01-06 15:00:00,30.56276312646296,63.70025443950095,26.495789966213295,4.372753402972625,0.0,0.0,0.0,True
2026-01-06 16:00:00,26.785318094179736,64.34073302859528,2.846018238221717,4.916021092799476,0.0,0.0,0.0,True
2026-01-06 17:00:00,28.317705931957665,63.88003954355117,97.80201903016325,3.1121919583237814,0.0,0.0,0.0,True
2026-01-06 18:00:00,23.874540336313455,78.35825942884698,98.88511624089676,3.7486965925101656,0.0,0.0,0.0,True
2026-01-06 19:00:00,22.26371324194321,86.09966962958143,98.32911141134389,5.896951593829011,0.0,0.0,0.0,False
2026-01-06 20:00:00,22.297441306333628,70.85312591342955,85.89675365375183,3.5855108034605134,0.0,0.0,0.0,False
2026-01-06 21:00:00,20.198016502546356,82.25774703268196,74.04457637170981,4.025450326226805,0.0,0.0,0.0,False
2026-01-06 22:00:00,20.77568856824952,70.69971248277976,61.67044772439647,5.1249160030335394,0.0,0.0,0.0,False
2026-01-06 23:00:00,18.956430711108677,76.74034515544027,72.7676475995292,4.734021358005841,0.0,0.0,0.0,False
2026-01-07 00:00:00,15.443398652638976,91.2670915135994,57.60488666094409,1.103213444788239,-0.0,-0.0,0.0,False
2026-01-07 01:00:00,19.086246585395962,79.54045174095242,39.55967153638926,3.3557812353873917,-0.0,-0.0,0.0,False
2026-01-07 02:00:00,18.45663775793837,82.22950888338248,49.65223425073924,4.051458290804744,-0.0,-0.0,0.0,False
2026-01-07 03:00:00,22.99572885792724,65.226270919456,50.80027360091458,1.6899845189982146,-0.0,-0.0,0.0,False
2026-01-07 04:00:00,23.62881208282302,75.06204388034745,46.07158318617152,1.883954411168252,-0.0,-0.0,0.0,False
2026-01-07 05:00:00,23.49792737738332,70.09880284958949,54.8416478692138,2.569762559068712,-0.0,-0.0,0.0,False
2026-01-07 06:00:00,27.56288804182066,66.82327775784232,48.24719138574878,2.2772673490046667,0.0,0.0,0.0,True
2026-01-07 07:00:00,27.391741501440258,78.53114813930762,59.191689789041504,4.572242645567121,204.04155105479248,58.286136379583674,145.7554146752088,True
2026-01-07 08:00:00,27.236015584368563,62.18526413735038,64.54471296200956,2.077126620247128,307.05179273368844,76.2062661283173,230.84552660537116,True
2026-01-07 09:00:00,29.374200784309117,56.009506043610095,68.34417564509161,2.4139326794052938,316.5582435490839,70.14638509121679,246.4118584578671,True
2026-01-07 10:00:00,32.23870585283966,57.61531314465413,75.79817604912697,4.336440125136269,209.5939435937472,35.50789006817558,174.08605352557163,True
2026-01-07 11:00:00,34.96868422430671,51.05764261741982,65.9531006910913,3.3171096159721576,170.2344965445435,40.57169733928387,129.66279920525963,True
2026-01-07 12:00:00,32.80733267733897,45.797706326432625,72.8649027653515,1.8806153140212014,3.323090997296448e-14,6.312067813185692e-15,2.691884215977879e-14,True
2026-01-07 13:00:00,32.638679842819826,55.54157440173966,68.53131880737135,2.846832598366756,0.0,0.0,0.0,True
2026-01-07 14:00:00,33.97373928507287,50.879101174632154,90.22773407952235,3.6087352344193926,0.0,0.0,0.0,True
2026-01-07 15:00:00,31.85349298339153,56.7689663188184,91.33873578544768,2.6562110466542816,0.0,0.0,0.0,True
2026-01-07 16:00:00,30.144096701658615,54.582094624606334,83.25450148551937,4.771198496248591,0.0,0.0,0.0,True
2026-01-07 17:00:00,30.360296022465825,58.35935524819678,86.74832293204798,5.160953365516861,0.0,0.0,0.0,True
2026-01-07 18:00:00,23.86844733621814,74.10071114727552,83.91662401000019,4.520437071645393,0.0,0.0,0.0,True
2026-01-07 19:00:00,20.683334074422362,78.33049965083298,76.31617517077336,3.6754574519472003,0.0,0.0,0.0,False
2026-01-07 20:00:00,21.13962273687206,83.3280542476493,79.8619751763097,4.3179217960269405,0.0,0.0,0.0,False
2026-01-07 21:00:00,20.94470041140508,73.70173991198887,84.76227954652083,4.683512739511804,0.0,0.0,0.0,False
2026-01-07 22:00:00,15.34977031977877,85.85956943098371,87.58568049490529,2.6457563411600704,0.0,0.0,0.0,False
2026-01-07 23:00:00,17.71510093812147,85.37882706594559,86.2749596177305,4.346991026379069,0.0,0.0,0.0,False
2026-01-08 00:00:00,14.994090227223193,83.06690680682937,85.76796689692105,2.5409747586773497,-0.0,-0.0,0.0,False
2026-01-08 01:00:00,17.06343125631629,95.0,85.26562856554926,0.0,-0.0,-0.0,0.0,False
2026-01-08 02:00:00,20.01429061358967,76.44578355486897,1.1711396056221872,0.0,-0.0,-0.0,0.0,False
2026-01-08 03:00:00,18.383450596605847,79.09848452350391,14.949836595766385,1.5646396393465754,-0.0,-0.0,0.0,False
2026-01-08 04:00:00,22.81926155681501,78.49339725383146,21.672006289719974,1.4501976873881401,-0.0,-0.0,0.0,False
2026-01-08 05:00:00,23.392604078090397,63.23845574820593,4.614921994167332,2.792242576460047,-0.0,-0.0,0.0,False
2026-01-08 06:00:00,24.428532370879335,77.16836815233151,24.66421600705911,3.43754271405174,0.0,0.0,0.0,True
2026-01-08 07:00:00,28.25912064942404,71.06229889868928,40.57275104482787,0.8653876508904501,297.13624477586063,123.60592714330024,173.5303176325604,True
2026-01-08 08:00:00,30.398837868743865,57.671163845271,40.08323165895649,2.4974355027137007,518.8944349601087,217.63334357073052,301.2610913893782,True
2026-01-08 09:00:00,34.05230772155502,53.532633883842145,40.46588512583915,1.982573673467717,595.3411487416084,248.10175836948457,347.23939037212386,True
2026-01-08 10:00:00,31.714481958179743,50.25437998808189,35.13813611637744,2.4824380232044367,561.7202186002553,255.03954251669927,306.680676083556,True
2026-01-08 11:00:00,33.72430497527794,50.10336168916645,38.55712030785091,2.6633585351889697,307.21439846074543,132.1329612702367,175.08143719050872,True
2026-01-08 12:00:00,33.41221028110859,55.08930661828806,59.59359717220573,3.29935330488145,4.948357188811682e-14,1.399617197348555e-14,3.548739991463127e-14,True
2026-01-08 13:00:00,32.46311364659544,59.59251586362944,53.57007040081524,5.5007443412628145,0.0,0.0,0.0,True
2026-01-08 14:00:00,30.596517994074514,53.00442063774265,68.34826658987885,3.0604495945761276,0.0,0.0,0.0,True
2026-01-08 15:00:00,31.035747418955392,51.30956994717719,69.82247608439738,3.3025598542764563,0.0,0.0,0.0,True
2026-01-08 16:00:00,27.63907269388159,66.43207432427687,68.48056924143998,3.8530956885763383,0.0,0.0,0.0,True
2026-01-08 17:00:00,26.34534766573833,64.09590617336269,70.67026497768623,4.081217538119773,0.0,0.0,0.0,True
2026-01-08 18:00:00,25.55145913245563,54.994302573415155,54.97512273147407,4.272007770390777,0.0,0.0,0.0,True
2026-01-08 19:00:00,23.01438828297523,79.4280877811224,59.33875931880374,5.816271397232958,0.0,0.0,0.0,False
2026-01-08 20:00:00,22.13584603656246,77.80453044195448,60.84314743294922,5.7002538456310825,0.0,0.0,0.0,False
2026-01-08 21:00:00,18.001895388828196,89.0052295394886,67.62942548951784,4.593998415648695,0.0,0.0,0.0,False
2026-01-08 22:00:00,17.412325785598405,89.4894693743593,72.1405514664909,4.156982313772615,0.0,0.0,0.0,False
2026-01-08 23:00:00,18.91131674535784,81.69608584706909,75.26274033581983,3.954994330844424,0.0,0.0,0.0,False
2026-01-09 00:00:00,14.450543702634063,94.01092366246962,59.799008271366404,0.9782986118866803,-0.0,-0.0,0.0,False
2026-01-09 01:00:00,22.039409169533652,79.93979986621822,44.62099732592105,2.2463761292567197,-0.0,-0.0,0.0,False
2026-01-09 02:00:00,17.5780571577932,84.57863206986778,33.5709128747184,3.079187570803649,-0.0,-0.0,0.0,False
2026-01-09 03:00:00,17.88274761118867,80.96146448974052,60.967933420287466,2.508867998002517,-0.0,-0.0,0.0,False
2026-01-09 04:00:00,22.41274975168443,84.30657383763538,66.53918985280373,2.5002890183508786,-0.0,-0.0,0.0,False
2026-01-09 05:00:00,23.04613986668032,75.56468411616032,78.27213306584517,2.927462053900122,-0.0,-0.0,0.0,False
2026-01-09 06:00:00,27.924802338858896,61.27752531283751,76.8523782791494,4.4982941320028464,0.0,0.0,0.0,True
2026-01-09 07:00:00,24.209046678666805,72.51178099801027,95.55049955044208,2.5349492575781745,22.24750224778958,0.6929318987715634,21.554570349018018,True
2026-01-09 08:00:00,29.2148150850601,68.94260640373986,0.28743570590097534,4.190717162981962,863.536137551789,602.7378184513749,260.7983191004141,True
2026-01-09 09:00:00,30.776354056542754,58.0210140223,5.018088867289109,4.2802018479867705,949.819111327109,631.5094409695533,318.30967035755566,True
2026-01-09 10:00:00,31.78002334768424,50.85840543579701,94.74558203044084,2.741042040989379,45.50459443739679,1.673701110965515,43.83089332643127,True
2026-01-09 11:00:00,34.92203859488549,53.22816158341699,83.22886325389442,0.5092026182983251,83.85568373052791,9.844485971480053,74.01119775904786,True
2026-01-09 12:00:00,35.27176525629839,56.87008508224332,6.389571497002478,2.027863363501156,1.1463971163300808e-13,7.512030770598168e-14,3.95194039270264e-14,True
2026-01-09 13:00:00,32.62823502725072,58.20973867338978,6.29314923923603,2.765244617863046,0.0,0.0,0.0,True
2026-01-09 14:00:00,34.202564954095045,53.85899677277568,20.81992276310112,3.8586471520618715,0.0,0.0,0.0,True
2026-01-09 15:00:00,31.93770813561796,54.431111832598056,31.566069965662024,4.293573442971227,0.0,0.0,0.0,True
2026-01-09 16:00:00,30.92951728455398,49.067196551949294,37.548940524846515,1.9855598894434099,0.0,0.0,0.0,True
2026-01-09 17:00:00,30.229873881805563,60.19965428257249,26.535523491876106,2.9829281840186224,0.0,0.0,0.0,True
2026-01-09 18:00:00,25.317539312673357,73.40911311216078,23.00271930542951,3.0498676418079693,0.0,0.0,0.0,True
2026-01-09 19:00:00,23.46738921553208,72.07870313662562,31.632076223775982,2.3998875512652,0.0,0.0,0.0,False
2026-01-09 20:00:00,20.98968796942493,80.97192136229323,27.89520211915641,3.6446672384051997,0.0,0.0,0.0,False
2026-01-09 21:00:00,21.965027724476364,74.80681370966039,39.37224641651734,3.4557677334804695,0.0,0.0,0.0,False
2026-01-09 22:00:00,15.562459301348897,95.0,33.69248021217385,4.810373583099936,0.0,0.0,0.0,False
2026-01-09 23:00:00,16.17581692154864,90.22323334380275,47.45377112176032,4.690253512332839,0.0,0.0,0.0,False
2026-01-10 00:00:00,15.886135259455747,82.65060866913632,40.27407411454215,2.085420628319247,-0.0,-0.0,0.0,False
2026-01-10 01:00:00,19.900698016435765,84.57110379664095,28.45388207520712,1.2683592013963738,-0.0,-0.0,0.0,False
2026-01-10 02:00:00,18.991085782419663,72.36078362660311,10.6920972491248,4.744158140150292,-0.0,-0.0,0.0,False
2026-01-10 03:00:00,20.34129182136685,74.68261828201565,26.317112087324148,3.032478205328662,-0.0,-0.0,0.0,False
2026-01-10 04:00:00,23.19201384028803,73.3733278686142,24.16480226140594,2.7687099924129153,-0.0,-0.0,0.0,False
2026-01-10 05:00:00,25.3368265914608,72.45802543069992,39.874238158119,2.1762988830035606,-0.0,-0.0,0.0,False
2026-01-10 06:00:00,28.29855031449134,59.95836449793988,30.096581768525525,3.05096271072171,0.0,0.0,0.0,True
2026-01-10 07:00:00,26.77213759159709,69.18660603046854,24.98908211559636,0.0,375.0545894220182,196.93232306512607,178.1222663568921,True
2026-01-10 08:00:00,32.373740208825915,49.307845139218486,20.686182321636778,2.8282054152905207,686.8778098058986,381.3523096198094,305.5255001860892,True
2026-01-10 09:00:00,31.77761895685527,55.81188716499094,21.145706334131887,2.590209456989329,788.5429366586811,435.25997406800775,353.2829625906734,True
2026-01-10 10:00:00,33.687752741212506,50.85312877828327,30.060896173557566,3.4634902508095746,605.6904063161659,296.530109498185,309.16029681798085,True
2026-01-10 11:00:00,30.210997578610645,55.66183007887954,34.8768596982469,4.525913511579962,325.6157015087654,148.4358190966636,177.17988241210182,True
2026-01-10 12:00:00,37.27062272115925,41.388909097234496,27.48793246568411,3.3379329955833876,8.880167140545666e-14,4.507434955878821e-14,4.372732184666845e-14,True
2026-01-10 13:00:00,34.56377274143177,46.4418157274674,22.79701403565224,3.143440481758716,0.0,0.0,0.0,True
2026-01-10 14:00:00,32.94059367174459,50.77172561808478,23.930928254167412,4.150989425844918,0.0,0.0,0.0,True
2026-01-10 15:00:00,32.537556148759165,50.09297898644333,16.92307802770054,3.4816811938129546,0.0,0.0,0.0,True
2026-01-10 16:00:00,27.20712778299685,68.17164183285927,20.66942970813477,3.0833341727720724,0.0,0.0,0.0,True
2026-01-10 17:00:00,25.84689379965519,77.01381872182095,17.23358819167676,2.049724184542849,0.0,0.0,0.0,True
2026-01-10 18:00:00,23.975858048753704,73.57993932699614,12.21645277440058,2.57659706178681,0.0,0.0,0.0,True
2026-01-10 19:00:00,23.193629038762204,79.41646882365976,12.926478341071089,6.289231158426357,0.0,0.0,0.0,False
2026-01-10 20:00:00,19.62021702899913,75.8813875816438,10.076515939085027,5.159967270204281,0.0,0.0,0.0,False
2026-01-10 21:00:00,21.859191404814307,79.76990348641343,5.764897280238827,6.394904221130021,0.0,0.0,0.0,False
2026-01-10 22:00:00,21.06918909022639,75.1510212979374,3.178744790076024,5.313747597709428,0.0,0.0,0.0,False
2026-01-10 23:00:00,17.211473594747712,87.68650479978643,15.357972742676438,4.8175611585919755,0.0,0.0,0.0,False
2026-01-11 00:00:00,18.844833206734855,81.6301593060472,86.33050978508386,3.2784772876991632,-0.0,-0.0,0.0,False
2026-01-11 01:00:00,18.922400942540534,84.01838159412183,91.56346562481151,2.2206649851919673,-0.0,-0.0,0.0,False
2026-01-11 02:00:00,19.631965572286415,87.22913216541198,84.43449399238561,1.4418484325660357,-0.0,-0.0,0.0,False
2026-01-11 03:00:00,18.352760853623565,87.84803157124105,91.40805633267648,3.8032635447228467,-0.0,-0.0,0.0,False
2026-01-11 04:00:00,21.411017959030588,74.26377986424556,88.21083083239066,3.271617757200053,-0.0,-0.0,0.0,False
2026-01-11 05:00:00,24.83506537735962,68.5361850706928,84.03020625931345,3.5280696083580922,-0.0,-0.0,0.0,False
2026-01-11 06:00:00,23.64659100318566,72.01552772916325,2.242756196199082,2.5453658671827397,0.0,0.0,0.0,True
2026-01-11 07:00:00,29.124426209803918,61.4482883783916,1.6451745902709831,5.078228600471639,491.774127048645,338.5785088482396,153.19561820040542,True
2026-01-11 08:00:00,30.31116664809265,58.24227870631846,7.897204079953738,2.271597834811823,797.633610263338,514.2499993753776,283.38361088796046,True
2026-01-11 09:00:00,30.71292086141035,54.52183750553529,15.47658442696914,3.594381702736204,845.2341557303085,500.09454460918926,345.1396111211193,True
2026-01-11 10:00:00,30.707299428622473,61.33908310590869,17.628520060671192,2.2768117017598772,713.3579417477902,411.3224457176729,302.03549603011726,True
2026-01-11 11:00:00,30.151436285280976,51.70336628443587,18.23047814680912,3.2330160267232837,408.84760926595436,234.01891464348108,174.82869462247328,True
2026-01-11 12:00:00,32.62160029738677,55.626917037565526,22.638837541034704,4.241419121074341,9.474009998369023e-14,5.130442986351813e-14,4.3435670120172103e-14,True
2026-01-11 13:00:00,35.51238326765744,47.03429602166674,20.509773941587937,4.09608932562686,0.0,0.0,0.0,True
2026-01-11 14:00:00,37.617832217593616,46.13560911346027,18.487194006259614,2.8943512600030274,0.0,0.0,0.0,True
2026-01-11 15:00:00,31.020299503665356,58.96551660391541,0.09172401916406159,2.523493717236965,0.0,0.0,0.0,True
2026-01-11 16:00:00,37.40164630838571,57.649083571711486,10.603893822717907,4.258497360515318,0.0,0.0,0.0,True
2026-01-11 17:00:00,26.931344017112814,77.36948880548606,7.6434239196097735,5.367313117879743,0.0,0.0,0.0,True
2026-01-11 18:00:00,28.053422658469692,61.23576215481556,9.083405616325322,3.58523398971636,0.0,0.0,0.0,True
2026-01-11 19:00:00,25.81103705300822,65.1006426167032,96.23927410681273,3.3690588096274423,0.0,0.0,0.0,False
2026-01-11 20:00:00,22.173700273378948,74.27276903027081,99.06965965643646,5.350223420424623,0.0,0.0,0.0,False
2026-01-11 21:00:00,22.16616434513533,68.962225001377,98.43551404290577,4.943142170512239,0.0,0.0,0.0,False
2026-01-11 22:00:00,15.767193577365845,84.69877153591843,98.13053689766443,4.096074119888082,0.0,0.0,0.0,False
2026-01-11 23:00:00,20.486009870426834,82.93383639955904,4.68503502882146,5.477582222116381,0.0,0.0,0.0,False
2026-01-12 00:00:00,19.224670521486974,78.48051575325552,8.094952461991625,4.057592517671475,-0.0,-0.0,0.0,False
2026-01-12 01:00:00,16.93699120074872,88.52523455378,4.751082735017903,2.3197079520425152,-0.0,-0.0,0.0,False
2026-01-12 02:00:00,18.29339826655364,78.68946195090916,3.866339408794957,1.2258848894360428,-0.0,-0.0,0.0,False
2026-01-12 03:00:00,20.578717546683396,79.486369394181,92.66649100007018,3.8739725304362116,-0.0,-0.0,0.0,False
2026-01-12 04:00:00,23.806500971817698,79.65213696888529,4.6660846665999145,2.4055726548093883,-0.0,-0.0,0.0,False
2026-01-12 05:00:00,23.056519363868656,81.29140442839613,10.64405311755307,4.603993871148201,-0.0,-0.0,0.0,False
2026-01-12 06:00:00,26.009420687239942,63.261523002887465,27.26711830682916,1.1522118430296933,0.0,0.0,0.0,True
2026-01-12 07:00:00,26.436719306586156,66.19470220687144,30.580872123841573,3.4833198272742805,347.09563938079214,168.66553602802523,178.4301033527669,True
2026-01-12 08:00:00,29.364753082662965,55.82296234841253,22.145989611436633,2.2842837002593086,674.2355078299347,367.44356761651017,306.79194021342454,True
2026-01-12 09:00:00,31.659681095649862,50.69434991816067,1.89883981025433,3.943944895958915,981.0116018974567,673.6686341401896,307.34296775726705,True
2026-01-12 10:00:00,34.89263577391353,46.02247715697317,98.34106778404566,3.459837587990449,14.366774421728685,0.1668345344928812,14.199939887235804,True
2026-01-12 11:00:00,33.489000140725906,62.75536231043053,12.122077881755445,4.831430062426717,439.3896105912227,270.28852185370886,169.10108873751386,True
2026-01-12 12:00:00,33.07745910626035,56.245885451930924,12.874514949592296,4.91657814563893,1.0669794639114237e-13,6.507277233247473e-14,4.162517405866764e-14,True
2026-01-12 13:00:00,35.467458802892764,48.33048793090903,17.09902452619849,4.622679326097992,0.0,0.0,0.0,True
2026-01-12 14:00:00,33.385949556568654,64.33419632677487,33.405809468017026,3.8979214990006392,0.0,0.0,0.0,True
2026-01-12 15:00:00,32.628446491124656,58.04507845556234,27.36524750191812,4.061690585282813,0.0,0.0,0.0,True
2026-01-12 16:00:00,30.457978618618277,64.29195706142876,15.278623758431479,4.946538032740002,0.0,0.0,0.0,True
2026-01-12 17:00:00,27.926530830060297,65.25954909242071,4.549084148210326,5.922532707895451,0.0,0.0,0.0,True
2026-01-12 18:00:00,27.25292013765078,63.53377224460955,98.65195393006643,2.6857239592648274,0.0,0.0,0.0,True
2026-01-12 19:00:00,23.273385855143538,75.35181640030245,3.14986402379094,5.721009978230045,0.0,0.0,0.0,False
2026-01-12 20:00:00,21.859349564082077,82.2369041357095,20.43099457133627,3.9659639774986593,0.0,0.0,0.0,False
2026-01-12 21:00:00,21.797081832307214,76.85744986121324,29.9350452242563,6.012676222245128,0.0,0.0,0.0,False
2026-01-12 22:00:00,18.00868245037923,79.50929123118392,23.242619209097455,4.868818243096945,0.0,0.0,0.0,False
2026-01-12 23:00:00,15.231944442730242,92.59917081067192,21.805664944529994,4.0558367831575834,0.0,0.0,0.0,False
2026-01-13 00:00:00,15.605088651372935,90.80478659614248,32.060698926554736,1.4282931578381706,-0.0,-0.0,0.0,False
2026-01-13 01:00:00,14.25591210341776,93.13320471466031,30.070770274345747,2.0037293996788916,-0.0,-0.0,0.0,False
2026-01-13 02:00:00,19.375278571738026,80.3130564354298,36.97222914874185,2.613560226803946,-0.0,-0.0,0.0,False
2026-01-13 03:00:00,23.043736429659948,71.06151226039297,37.748259029181916,3.4687248940334476,-0.0,-0.0,0.0,False
2026-01-13 04:00:00,20.95778430371372,86.53770875915815,19.884043888974546,0.504403376060091,-0.0,-0.0,0.0,False
2026-01-13 05:00:00,26.206132705627084,74.98821470081388,6.864537328287156,2.113198917535695,-0.0,-0.0,0.0,False
2026-01-13 06:00:00,23.828964450498408,74.96650202843736,9.6657752967932,3.1677432278582387,0.0,0.0,0.0,True
2026-01-13 07:00:00,28.677264596738333,58.76255744836172,5.468374539616562,3.54280464642761,472.65812730191715,312.76798742637743,159.89013987553972,True
2026-01-13 08:00:00,34.04263548925216,50.90439322489496,23.227592919279232,3.6201285993033516,664.868548415845,357.3049119790441,307.5636364368009,True
2026-01-13 09:00:00,35.59250538116902,48.75871692218709,43.39843356635293,1.7211596600912138,566.0156643364708,224.2616125919794,341.75405174449133,True
2026-01-13 10:00:00,32.659659535444945,53.90829982804832,40.1096391715074,3.2622622408543656,518.6657391929103,217.44154788748165,301.2241913054287,True
2026-01-13 11:00:00,33.20869368315077,62.502159111613594,35.243036609079354,3.4311998775895995,323.7848169546032,146.77125076645626,177.0135661881469,True
2026-01-13 12:00:00,34.74836077860985,51.846966021499064,46.849814280555194,5.549683536846395,6.509020481540545e-14,2.42168953211885e-14,4.087330949421695e-14,True
2026-01-13 13:00:00,36.3190429818095,46.57602451031053,47.196090105893646,4.422421832769782,0.0,0.0,0.0,True
2026-01-13 14:00:00,31.593278652933883,58.27088174712189,41.13250568878201,4.134786615984834,0.0,0.0,0.0,True
2026-01-13 15:00:00,32.16285400754449,49.71336778984649,41.6313708520195,3.848353524435577,0.0,0.0,0.0,True
2026-01-13 16:00:00,29.402769970035116,57.57587403365961,26.857263753120435,4.382137071492008,0.0,0.0,0.0,True
2026-01-13 17:00:00,27.421493682352658,66.63973698576203,21.781119292072248,4.919967751897257,0.0,0.0,0.0,True
2026-01-13 18:00:00,23.850145763867,65.7311078287129,94.39647565637723,3.165328618749176,0.0,0.0,0.0,True
2026-01-13 19:00:00,22.478832047867538,73.92557056954062,99.8564945029451,2.9353467044379222,0.0,0.0,0.0,False
2026-01-13 20:00:00,22.64191842182726,71.48560198080361,89.32523497362548,3.9816932159317844,0.0,0.0,0.0,False
2026-01-13 21:00:00,15.957335116618168,83.79385904892935,97.57971916833166,2.69416945955612,0.0,0.0,0.0,False
2026-01-13 22:00:00,17.65267891747364,81.25902974496972,99.27116731077838,3.3830351277569104,0.0,0.0,0.0,False
2026-01-13 23:00:00,16.972944240206395,81.61613438148952,97.72501453014438,4.088978999447643,0.0,0.0,0.0,False
2026-01-14 00:00:00,17.51722512742189,78.47813260076883,88.11562999315288,2.34407073846571,-0.0,-0.0,0.0,False
2026-01-14 01:00:00,13.857365126175905,89.67523970168193,86.2048786046603,2.105520153937133,-0.0,-0.0,0.0,False
2026-01-14 02:00:00,20.937447460279845,78.43320347007331,90.56786083297429,2.1540005086624316,-0.0,-0.0,0.0,False
2026-01-14 03:00:00,21.9632306700903,74.96994412771006,91.88147417185007,3.481849624086996,-0.0,-0.0,0.0,False
2026-01-14 04:00:00,24.222190684981136,68.82365631122377,85.61324106110098,3.466855262521236,-0.0,-0.0,0.0,False
2026-01-14 05:00:00,26.113479830038997,67.58011275437059,78.70416907205457,3.0457794447349986,-0.0,-0.0,0.0,False
2026-01-14 06:00:00,27.15741478983935,63.89519974825797,65.90760439309199,2.3070202086668945,0.0,0.0,0.0,True
2026-01-14 07:00:00,28.233658968744322,69.83978526606445,59.22561669451278,1.1768378236576227,203.87191652743607,58.18926168799781,145.68265483943827,True
2026-01-14 08:00:00,32.376870935738964,58.167795738706616,45.08543129891925,2.999554587493494,475.57411533001755,182.81163200122165,292.7624833287959,True
2026-01-14 09:00:00,35.533653713256,46.20335730675205,30.24500353601954,3.3344450084771884,697.5499646398047,340.6031672182949,356.94679742150976,True
2026-01-14 10:00:00,35.21646698710392,55.47206965653233,38.871489111868414,4.251831953830059,529.3884332463562,226.52508624025563,302.8633470061005,True
2026-01-14 11:00:00,32.59082290445206,65.32537559697987,42.24572859777038,4.210336889986787,288.77135701114804,116.74445528208389,172.02690172906415,True
2026-01-14 12:00:00,35.232084919304,42.833708947882606,18.661952091194706,3.6200815652860703,9.961038002041248e-14,5.671479703620228e-14,4.28955829842102e-14,True
2026-01-14 13:00:00,36.61329296592784,43.98449494510099,20.672249211160505,2.510582312299389,0.0,0.0,0.0,True
2026-01-14 14:00:00,34.84331277279036,53.47500830649769,0.5161284382751319,3.331537803309546,0.0,0.0,0.0,True
2026-01-14 15:00:00,35.31153462627397,56.95852745236661,97.555911021183,4.976499404994886,0.0,0.0,0.0,True
2026-01-14 16:00:00,29.298617294307935,57.29493085029265,1.9358288938575754,1.8896091583714294,0.0,0.0,0.0,True
2026-01-14 17:00:00,28.49513305012991,69.58806796221467,0.7871812113347971,2.6401666166780022,0.0,0.0,0.0,True
2026-01-14 18:00:00,28.14117613606337,61.23194236254296,7.624503516834096,2.8093543610892198,0.0,0.0,0.0,True
2026-01-14 19:00:00,22.940005794431663,72.794292665501,5.105538374518176,4.486161043514105,0.0,0.0,0.0,False
2026-01-14 20:00:00,20.743631396399007,87.08993756049813,9.820590483899082,3.9742999825680814,0.0,0.0,0.0,False
2026-01-14 21:00:00,19.518697149291103,80.0013500937812,22.02220483482904,4.837869187499222,0.0,0.0,0.0,False
2026-01-14 22:00:00,16.72031685974484,86.733146343281,24.846869054384285,2.4067968033928864,0.0,0.0,0.0,False
2026-01-14 23:00:00,17.22322414740214,90.4802913981499,20.765556852179373,5.541786597707564,0.0,0.0,0.0,False
2026-01-15 00:00:00,18.39953085272591,84.4033100124374,19.386495478872774,2.6135601778669804,-0.0,-0.0,0.0,False
2026-01-15 01:00:00,16.663163672803385,85.66471018443387,15.88965959657159,1.2646918765115946,-0.0,-0.0,0.0,False
2026-01-15 02:00:00,18.677092226721403,91.73206231263784,99.44372819482871,2.856833024352019,-0.0,-0.0,0.0,False
2026-01-15 03:00:00,20.355545709533665,79.7943929958591,94.8461422823448,4.544029610715853,-0.0,-0.0,0.0,False
2026-01-15 04:00:00,24.142699847490913,73.66258019977059,91.76581642499019,2.7834588755458505,-0.0,-0.0,0.0,False
2026-01-15 05:00:00,25.525223266825503,60.87766617362465,76.50553268208759,3.080865138076143,-0.0,-0.0,0.0,False
2026-01-15 06:00:00,22.21680830502231,74.23776609701174,67.84003614610947,3.1063200822797574,0.0,0.0,0.0,True
2026-01-15 07:00:00,26.33491754655962,64.28365326866339,57.30270648259807,3.4954036887568916,213.48646758700966,63.80706057989106,149.67940700711858,True
2026-01-15 08:00:00,30.40260935587193,59.45375095085689,52.67929763878814,2.8447091399646505,409.8093036973174,135.74724859581363,274.06205510150374,True
2026-01-15 09:00:00,28.61870979365777,66.84730118989442,52.146420092629,1.6178467067543147,478.53579907371,160.2975576965799,318.23824137713007,True
2026-01-15 10:00:00,33.94344812151309,49.95560972550432,48.060929232256996,3.221602540614837,449.8055473382317,163.53737508446656,286.2681722537651,True
2026-01-15 11:00:00,34.16781474289268,55.37099489234724,37.54702681633313,1.9409585361023207,312.26486591833435,136.51308508179346,175.7517808365409,True
2026-01-15 12:00:00,31.265945562820146,60.233223506516936,36.31707315175612,2.690677867372359,7.798909252503692e-14,3.4766015719629946e-14,4.322307680540697e-14,True
2026-01-15 13:00:00,37.97204124377445,36.920198784829154,31.894452143228023,5.339415296772823,0.0,0.0,0.0,True
2026-01-15 14:00:00,33.64256663587727,50.52398614826855,27.774328548704943,3.932539515054761,0.0,0.0,0.0,True
2026-01-15 15:00:00,35.839348761979835,59.436083923354474,25.24543982599124,4.468265485974394,0.0,0.0,0.0,True
2026-01-15 16:00:00,28.270283610847684,57.9236086224076,37.0551412528456,3.874232732742868,0.0,0.0,0.0,True
2026-01-15 17:00:00,28.566434364543287,64.25566434193365,42.523124703707936,3.40794165232355,0.0,0.0,0.0,True
2026-01-15 18:00:00,28.62765703327915,64.06590228018872,50.68437105738323,1.9658548786298238,0.0,0.0,0.0,True
2026-01-15 19:00:00,25.073531111103648,67.39013346126282,48.06397310729503,5.9462091179080705,0.0,0.0,0.0,False
2026-01-15 20:00:00,24.732410506779324,66.19707474086049,73.95212920338864,5.029884284495258,0.0,0.0,0.0,False
2026-01-15 21:00:00,23.06908316546848,75.7819579024969,97.33756771060482,4.4667649538455905,0.0,0.0,0.0,False
2026-01-15 22:00:00,18.72891363744054,80.3576756869753,98.34142442443033,4.3386743574717315,0.0,0.0,0.0,False
2026-01-15 23:00:00,19.435141980210002,80.8793411820707,80.29847500904418,4.105999011097869,0.0,0.0,0.0,False
2026-01-16 00:00:00,20.147033083858357,76.0668232323591,66.53127961188241,2.2797046331399784,-0.0,-0.0,0.0,False
2026-01-16 01:00:00,19.09028155489491,82.12161141021947,60.79073262573365,2.6397721971837025,-0.0,-0.0,0.0,False
2026-01-16 02:00:00,19.068534070833607,89.21310027395242,72.22847775416858,2.5055743038875944,-0.0,-0.0,0.0,False
2026-01-16 03:00:00,22.743244132160456,71.401427486758,62.57655558654943,3.103346192113453,-0.0,-0.0,0.0,False
2026-01-16 04:00:00,25.29434983920513,79.38460733054788,65.45136504945214,2.4980517425922555,-0.0,-0.0,0.0,False
2026-01-16 05:00:00,23.11548597745927,77.53188305673126,75.28549738266742,2.0296518131915837,-0.0,-0.0,0.0,False
2026-01-16 06:00:00,26.928686872254858,64.86129630113933,92.41804081867778,4.632384550222227,0.0,0.0,0.0,True
2026-01-16 07:00:00,29.504623318081286,57.924659284552654,88.70575739296285,4.218169151172143,56.47121303518574,4.464597062331465,52.00661597285428,True
2026-01-16 08:00:00,29.683409932013877,64.54413657356683,0.27114984907584017,4.09278012528687,863.6771772091187,602.9347224926295,260.7424547164892,True
2026-01-16 09:00:00,30.51090338157639,63.525711213926705,0.7713543300361607,3.6030137614248994,992.2864566996384,689.2426885046663,303.04376819497213,True
2026-01-16 10:00:00,32.8077584878394,53.97672526388619,2.8558753861033495,3.6293311704033195,841.2927974403568,572.086566459238,269.2062309811188,True
2026-01-16 11:00:00,32.63961760052515,40.63073218237322,4.708655162800937,4.804286341410902,476.45672418599526,317.8154140308694,158.64131015512584,True
2026-01-16 12:00:00,36.892772202349626,52.64033696095876,82.3526959674457,5.5356017500307875,2.1611714397047807e-14,2.6697194624060356e-15,1.8941994934641773e-14,True
2026-01-16 13:00:00,35.573722183256336,56.93547374973558,82.07901391948883,2.8139859099452975,0.0,0.0,0.0,True
2026-01-16 14:00:00,29.67064187703138,60.62672341530615,93.86374189621986,3.309398875547591,0.0,0.0,0.0,True
2026-01-16 15:00:00,34.643611698264806,47.6021096320495,88.30607975567702,4.280209268075028,0.0,0.0,0.0,True
2026-01-16 16:00:00,27.28749126571011,65.35468059105663,70.17913506934491,5.435496346477844,0.0,0.0,0.0,True
2026-01-16 17:00:00,25.576720392833845,63.04992300252407,66.20468728021842,4.045015875295707,0.0,0.0,0.0,True
2026-01-16 18:00:00,28.60316329822803,63.30217824136353,56.62114951055517,5.230414919114721,0.0,0.0,0.0,True
2026-01-16 19:00:00,24.932914161178655,65.48107713182816,51.20450035865176,5.427267324054581,0.0,0.0,0.0,False
2026-01-16 20:00:00,24.51697069885305,74.55723475848214,25.369749025163514,4.45550171169399,0.0,0.0,0.0,False
2026-01-16 21:00:00,18.187768793895227,82.59216800169777,23.150951762697446,5.374607198156869,0.0,0.0,0.0,False
2026-01-16 22:00:00,19.374387673354658,83.3251438209166,33.38241190655674,3.570602158414159,0.0,0.0,0.0,False
2026-01-16 23:00:00,21.333551636637374,66.60378499420496,43.11693805007587,4.952802543021984,0.0,0.0,0.0,False
2026-01-17 00:00:00,20.650941473045286,70.81938193573966,51.590967556040795,1.5357618118677303,-0.0,-0.0,0.0,False
2026-01-17 01:00:00,19.591819370080543,88.41804870024244,39.397477802273215,2.810551113640338,-0.0,-0.0,0.0,False
2026-01-17 02:00:00,18.454613082501517,78.53038046806371,48.82385260957102,2.2219576441036115,-0.0,-0.0,0.0,False
2026-01-17 03:00:00,18.855794705053064,77.49203141002828,49.740975788318565,0.5989460509658537,-0.0,-0.0,0.0,False
2026-01-17 04:00:00,21.776185079629435,75.25469067377244,44.88611525310557,2.239180739426299,-0.0,-0.0,0.0,False
2026-01-17 05:00:00,24.37908162711407,66.58466320638561,42.14133528070926,3.702551076057614,-0.0,-0.0,0.0,False
2026-01-17 06:00:00,27.504653537365115,58.11031247840648,39.343555826292516,3.2960234118109253,0.0,0.0,0.0,True
2026-01-17 07:00:00,30.079374472265357,55.929882915108244,43.74936971070406,4.407887141993138,281.2531514464797,110.74466927800702,170.50848216847268,True
2026-01-17 08:00:00,28.830536998250324,58.97124195296875,49.56499296859306,2.3732354400063747,436.779973292452,154.20300716927787,282.5769661231741,True
2026-01-17 09:00:00,31.32297568853237,56.93715159055047,58.23264744318439,1.9556170744039332,417.6735255681561,122.11582177237318,295.5577037957829,True
2026-01-17 10:00:00,32.36219878248462,55.81374964971199,44.468266080314606,4.440225481748127,480.9189229064556,186.94383164648087,293.9750912599747,True
2026-01-17 11:00:00,34.95401108055047,46.1239121151066,54.23507633806332,2.0988914330666972,228.82461830968336,73.3049883224012,155.51962998728214,True
2026-01-17 12:00:00,34.299040145266,42.63483898550048,45.927740194090745,4.22759145372852,6.621941989397086e-14,2.5064435736923713e-14,4.115498415704714e-14,True
2026-01-17 13:00:00,34.309940811855284,57.20068088149499,38.03427784232281,2.6644277054053958,0.0,0.0,0.0,True
2026-01-17 14:00:00,32.287043946019075,54.727907030629694,13.848409494111138,3.4145147238389217,0.0,0.0,0.0,True
2026-01-17 15:00:00,34.484328329486864,57.207610197420436,9.305410957355832,3.185964333292693,0.0,0.0,0.0,True
2026-01-17 16:00:00,31.572539452698674,52.67570856013529,23.705527900586446,2.963628564871957,0.0,0.0,0.0,True
2026-01-17 17:00:00,31.254338280319573,55.646037341717076,24.84918619608993,2.649207131433653,0.0,0.0,0.0,True
2026-01-17 18:00:00,25.170626661772463,72.7425693262412,25.45948865489487,2.5811202236482327,0.0,0.0,0.0,True
2026-01-17 19:00:00,29.118734879016365,58.72870499487788,28.34385878342107,3.908283173771851,0.0,0.0,0.0,False
2026-01-17 20:00:00,23.97631585552883,76.00738235855704,33.3884954886862,4.571363504120672,0.0,0.0,0.0,False
2026-01-17 21:00:00,18.15569781765432,73.86995694477528,51.79975562197012,4.089812223934697,0.0,0.0,0.0,False
2026-01-17 22:00:00,16.30097290282029,95.0,55.90504888679658,3.196638233228539,0.0,0.0,0.0,False
2026-01-17 23:00:00,19.344649896746898,84.16024931962185,52.1230014219513,5.586216769170258,0.0,0.0,0.0,False
2026-01-18 00:00:00,20.529131699583697,86.0620844397823,43.58056897874843,1.5265742560199034,-0.0,-0.0,0.0,False
2026-01-18 01:00:00,19.942943271199084,80.98802617232396,46.0825932779546,1.0013759663412236,-0.0,-0.0,0.0,False
2026-01-18 02:00:00,17.74317103564082,80.49751034380412,54.952072975259455,2.4048385282926708,-0.0,-0.0,0.0,False
2026-01-18 03:00:00,23.62179950671738,64.34516866037823,53.542659453021116,1.2908759331199293,-0.0,-0.0,0.0,False
2026-01-18 04:00:00,20.185894063298996,76.24719928444273,62.61106263551687,1.246743863508919,-0.0,-0.0,0.0,False
2026-01-18 05:00:00,26.68646451421941,65.19037065549067,60.460324976295254,3.017997855538266,-0.0,-0.0,0.0,False
2026-01-18 06:00:00,26.226487440687826,66.9276267203418,57.307738984517584,2.934131413309363,0.0,0.0,0.0,True
2026-01-18 07:00:00,29.179439656421067,52.559590648932954,51.42341377818653,3.638407763601804,242.88293110906733,82.58896551378471,160.2939655952826,True
2026-01-18 08:00:00,28.485951271212564,60.5102159592488,52.26434273661849,5.973047900266244,413.40291856435545,138.1384202258878,275.26449833846766,True
2026-01-18 09:00:00,30.23609152967828,63.778678720019045,49.90359929650927,2.8399021881996163,500.96400703490724,175.67545544112943,325.2885515937778,True
2026-01-18 10:00:00,33.62764768958877,49.677401958897185,61.02200457499251,2.3939291621638876,337.5593422665012,92.10170548972553,245.45763677677564,True
2026-01-18 11:00:00,33.3573300028332,60.42892629815452,60.34919906620783,4.1042025241179365,198.25400466896082,55.026510514192466,143.22749415476835,True
2026-01-18 12:00:00,33.755486487185536,54.98223402677226,43.10934465722045,4.235573600674613,6.967095896693025e-14,2.7745385597919956e-14,4.192557336901029e-14,True
2026-01-18 13:00:00,32.81239074181223,48.7488192489557,48.85906049139905,3.8321801264778537,0.0,0.0,0.0,True
2026-01-18 14:00:00,34.179323294652605,48.013848952207425,40.9703164811649,4.41557467388877,0.0,0.0,0.0,True
2026-01-18 15:00:00,32.70257645633359,59.28294216153942,54.688771627411796,3.814346423348219,0.0,0.0,0.0,True
2026-01-18 16:00:00,29.903020228219905,58.61127795216176,53.99257052701489,3.0921098635829263,0.0,0.0,0.0,True
2026-01-18 17:00:00,31.412030321768654,48.29669675851957,60.20277159549471,5.210951501070706,0.0,0.0,0.0,True
2026-01-18 18:00:00,26.56737019662422,64.81948635664652,64.22460305188099,6.16712980273578,0.0,0.0,0.0,True
2026-01-18 19:00:00,23.4748466428096,65.65149965753494,52.020088898420084,1.215911333604411,0.0,0.0,0.0,False
2026-01-18 20:00:00,23.067507168226367,71.29540139196963,47.91480925746765,5.6792929711060225,0.0,0.0,0.0,False
2026-01-18 21:00:00,21.054269427056568,80.8776316698123,47.71728222147141,5.895372695179011,0.0,0.0,0.0,False
2026-01-18 22:00:00,15.239328114155956,86.9758470493973,55.635136041790474,6.815078720886092,0.0,0.0,0.0,False
2026-01-18 23:00:00,19.85253393943706,85.39883886153257,63.1679232827384,6.084330650674464,0.0,0.0,0.0,False
2026-01-19 00:00:00,19.74500724659297,83.62772980129027,61.03088682413136,2.833412609819895,-0.0,-0.0,0.0,False
2026-01-19 01:00:00,19.66803098711641,74.79671433415162,55.13871833665374,1.7351283083516638,-0.0,-0.0,0.0,False
2026-01-19 02:00:00,16.11765320854418,78.43261523808194,37.2253572499298,1.1662818659827796,-0.0,-0.0,0.0,False
2026-01-19 03:00:00,19.461461876585677,80.61091003372586,38.07501816500121,2.79044931500586,-0.0,-0.0,0.0,False
2026-01-19 04:00:00,23.814794210162155,69.54513333267052,47.287874861545504,3.086542307618413,-0.0,-0.0,0.0,False
2026-01-19 05:00:00,24.167339694504875,67.84227046148011,58.297841496087614,2.182169847171479,-0.0,-0.0,0.0,False
2026-01-19 06:00:00,25.470275166860752,69.89887928587409,59.957340942720464,1.8102172829163798,0.0,0.0,0.0,True
2026-01-19 07:00:00,25.248476538788374,66.30339193001758,55.99594821830547,4.019903273497583,220.0202589084726,67.77248006221186,152.24777884626076,True
2026-01-19 08:00:00,31.081073883451843,58.39103689167601,45.44179202625338,3.2683364773937456,472.4879409021929,180.446667413804,292.0412734883889,True
2026-01-19 09:00:00,34.06402595402615,66.24359347977907,34.93043853645878,2.8162774803958155,650.6956146354122,296.3833480340298,354.3122666013824,True
2026-01-19 10:00:00,33.46372404458453,51.5567584098248,34.6220873775095,4.822766589063452,566.1893317747608,259.11393662389617,307.07539515086467,True
2026-01-19 11:00:00,32.798842282380825,53.873543189239854,8.122937761759545,4.303443008069014,459.3853111912022,295.4488097935328,163.93650139766942,True
2026-01-19 12:00:00,33.24829338782973,55.06277587373692,0.5687945826063014,2.8736047115375825,1.2176810744977417e-13,8.475284793588035e-14,3.7015259513893823e-14,True
2026-01-19 13:00:00,35.58297306064674,45.5714028857801,86.94182665189197,5.588982651581132,0.0,0.0,0.0,True
2026-01-19 14:00:00,35.44701868532837,51.577899989306545,72.51299343098708,3.4346097239655253,0.0,0.0,0.0,True
2026-01-19 15:00:00,34.38458260078554,47.552928244602,49.74258159415416,4.006199548450742,0.0,0.0,0.0,True
2026-01-19 16:00:00,28.691865397835848,68.9730898977103,59.44637074234379,4.8524500055562365,0.0,0.0,0.0,True
2026-01-19 17:00:00,29.021218850831506,62.17434177739294,56.28020665307628,4.435287544918954,0.0,0.0,0.0,True
2026-01-19 18:00:00,29.572974783321026,69.5814124966889,74.13329712984688,5.13134454712036,0.0,0.0,0.0,True
2026-01-19 19:00:00,22.112762182061296,76.56730356297459,72.2064954342577,5.115277747286636,0.0,0.0,0.0,False
2026-01-19 20:00:00,20.29587553135875,74.68889289057763,78.5209890832495,4.245300089732709,0.0,0.0,0.0,False
2026-01-19 21:00:00,20.055645849744874,78.98708783363138,65.83407600556637,5.8320408491952955,0.0,0.0,0.0,False
2026-01-19 22:00:00,19.405019729251652,78.74599643453854,58.838152477936376,4.7763667224570225,0.0,0.0,0.0,False
2026-01-19 23:00:00,17.31309927105827,95.0,56.5921180274313,3.7771831104798386,0.0,0.0,0.0,False
2026-01-20 00:00:00,20.0555330750448,85.24025345857224,45.0607654827582,1.8528539400363415,-0.0,-0.0,0.0,False
2026-01-20 01:00:00,14.69540938186205,90.10995767403534,29.096337602075096,1.5953527057571462,-0.0,-0.0,0.0,False
2026-01-20 02:00:00,17.078258896924748,75.30721606340083,28.773753962155354,1.6742041450661729,-0.0,-0.0,0.0,False
2026-01-20 03:00:00,18.183726293380765,83.96824240924897,45.90676606843266,3.6863912493108297,-0.0,-0.0,0.0,False
2026-01-20 04:00:00,24.87545127220761,72.2013645352533,48.60919098191238,2.6885004456510484,-0.0,-0.0,0.0,False
2026-01-20 05:00:00,21.319302596076128,81.04900760096113,41.17145231480964,2.150011737309357,-0.0,-0.0,0.0,False
2026-01-20 06:00:00,24.007167713929253,72.86387036053755,45.613246645319464,3.177953735273489,0.0,0.0,0.0,True
2026-01-20 07:00:00,28.161653252023648,74.41506314239535,52.6830035325728,3.010231286618271,236.58498233713598,78.36143541444814,158.22354692268783,True
2026-01-20 08:00:00,33.79296075163416,42.420489647238355,42.513817094147896,3.369394291098806,497.8449476306666,200.33444002775602,297.5105076029106,True
2026-01-20 09:00:00,31.05721222680706,53.850525595771856,37.04512939155535,3.9699662217296883,629.5487060844465,277.4321013328206,352.1166047516259,True
2026-01-20 10:00:00,34.15106501583778,50.44589778850527,25.319944658750387,3.7938848959227496,646.7482508154993,338.0943661393051,308.6538846761942,True
2026-01-20 11:00:00,38.87122186746526,38.42283330371042,9.673674246063968,4.023902893532091,451.6316287696801,285.5595793472158,166.07204942246432,True
2026-01-20 12:00:00,34.91664606035344,43.82332014590835,4.717965600085108,2.527311984433674,1.1668683844410376e-13,7.782711548253884e-14,3.885972296156492e-14,True
2026-01-20 13:00:00,35.05524616435097,49.0620707344359,97.85057998015662,4.976903764333159,0.0,0.0,0.0,True
2026-01-20 14:00:00,33.75164945800909,48.8464042193717,0.3814687150589293,3.830032932075887,0.0,0.0,0.0,True
2026-01-20 15:00:00,29.53634620278932,62.049986588233146,15.333738639590365,4.605078246995017,0.0,0.0,0.0,True
2026-01-20 16:00:00,27.714860836990965,63.06292170044381,14.436683061347651,4.652556940106666,0.0,0.0,0.0,True
2026-01-20 17:00:00,27.952335398040685,67.49321429175647,20.611649531869602,1.6535999403161292,0.0,0.0,0.0,True
2026-01-20 18:00:00,25.841355573953084,71.53662753885224,27.32229486066302,2.766530521869556,0.0,0.0,0.0,True
2026-01-20 19:00:00,23.0362621316998,75.42150800808047,35.37240002465575,2.438292851673942,0.0,0.0,0.0,False
2026-01-20 20:00:00,24.292695045922837,75.94722612167284,35.61864824703565,5.00686787875184,0.0,0.0,0.0,False
2026-01-20 21:00:00,20.41529157180329,70.41001690925292,55.08750859124768,4.326252719611036,0.0,0.0,0.0,False
2026-01-20 22:00:00,19.757993505600655,89.38364925208758,72.31147671070596,4.08495271324618,0.0,0.0,0.0,False
2026-01-20 23:00:00,16.68338865516982,94.34927146802711,53.626600146502824,3.6838556594222203,0.0,0.0,0.0,False
2026-01-21 00:00:00,19.901866856217033,78.64416964466079,48.75388539700299,2.333869736311864,-0.0,-0.0,0.0,False
2026-01-21 01:00:00,18.16369091538652,81.73859604477973,52.3854604501189,2.2782608964858615,-0.0,-0.0,0.0,False
2026-01-21 02:00:00,16.93546415284944,95.0,27.793814006843604,2.5769929010643517,-0.0,-0.0,0.0,False
2026-01-21 03:00:00,23.70620837767671,74.7851184921862,29.400357489831492,3.2943325753745425,-0.0,-0.0,0.0,False
2026-01-21 04:00:00,23.2019010793139,80.19945158780062,28.19923845148952,2.2852368416039925,-0.0,-0.0,0.0,False
2026-01-21 05:00:00,26.236963910511633,64.28766252889974,28.77660346437756,0.0,-0.0,-0.0,0.0,False
2026-01-21 06:00:00,27.187425216660163,75.53636608473676,21.755206133814738,5.248570021975214,0.0,0.0,0.0,True
2026-01-21 07:00:00,29.355120309153524,57.89876651037047,38.62665001845937,3.77688332976526,306.8667499077031,131.83408307848353,175.03266682921955,True
2026-01-21 08:00:00,30.997241911864826,57.77246746917577,24.964484194196984,2.4437248173885804,649.8266287389418,341.3205339024078,308.50609483653403,True
2026-01-21 09:00:00,26.97437024121144,57.39958117009761,33.49217059596663,1.3439335341542862,665.0782940403337,309.63039604252043,355.4478979978133,True
2026-01-21 10:00:00,34.949730293731044,52.221879551858606,23.289636828637697,2.159753687871083,664.3312323992998,356.72763072400284,307.60360167529694,True
2026-01-21 11:00:00,36.95328334974538,47.21381296590011,38.45503294974458,3.974610797145994,307.72483525127706,132.57240392259587,175.1524313286812,True
2026-01-21 12:00:00,33.925444275629275,55.682812040799,19.686020698210996,2.695723951468331,9.835625767872268e-14,5.529567710387251e-14,4.3060580574850166e-14,True
2026-01-21 13:00:00,29.96893706510312,48.93626761421383,20.015358147953066,5.677057492183417,0.0,0.0,0.0,True
2026-01-21 14:00:00,37.6577240577475,35.478838722882074,25.35607733025256,4.021807347332872,0.0,0.0,0.0,True
2026-01-21 15:00:00,31.25013838652225,56.332630358495166,42.53019830585731,3.457935813673854,0.0,0.0,0.0,True
2026-01-21 16:00:00,31.95179901528967,52.35870588613938,52.60517820369523,6.422314063601308,0.0,0.0,0.0,True
2026-01-21 17:00:00,31.654390324923163,54.023841128767394,46.26510550522124,2.9277856110223497,0.0,0.0,0.0,True
2026-01-21 18:00:00,26.022650516982807,75.1493004645313,66.99347942830786,4.044401682060145,0.0,0.0,0.0,True
2026-01-21 19:00:00,24.788502226997686,64.98330516410786,82.24287523769698,3.8058612418036324,0.0,0.0,0.0,False
2026-01-21 20:00:00,21.311986597132016,81.29236280702199,80.90323135597555,4.054707284532866,0.0,0.0,0.0,False
2026-01-21 21:00:00,20.73757442655162,78.47809427612064,79.38050060109123,5.6482457158370565,0.0,0.0,0.0,False
2026-01-21 22:00:00,20.417006980729873,79.44238594721408,84.93979701032384,6.009391682319396,0.0,0.0,0.0,False
2026-01-21 23:00:00,21.770659939962915,77.42621227854346,77.11245680235265,4.974517693281462,0.0,0.0,0.0,False
2026-01-22 00:00:00,22.015785614054778,82.69688820943693,77.46010459680411,1.283332668160019,-0.0,-0.0,0.0,False
2026-01-22 01:00:00,18.89590709709528,83.44274575075224,57.13917403278748,2.000253303999393,-0.0,-0.0,0.0,False
2026-01-22 02:00:00,22.497087435371547,73.84908840948258,60.50861313190643,3.4557802141854497,-0.0,-0.0,0.0,False
2026-01-22 03:00:00,19.19774784911701,83.46157659292784,58.40989281646665,0.5727701229760416,-0.0,-0.0,0.0,False
2026-01-22 04:00:00,28.649717401731408,68.28772219043162,43.377330388318285,1.5820039037094826,-0.0,-0.0,0.0,False
2026-01-22 05:00:00,21.82528774700737,80.86288239334361,42.42258764332081,2.579050259132922,-0.0,-0.0,0.0,False
2026-01-22 06:00:00,26.84048733716197,64.29910334747143,39.951389683882155,2.674982823301432,0.0,0.0,0.0,True
2026-01-22 07:00:00,31.276190134561652,52.38642624127549,31.629714174715332,1.6997341739952891,341.85142912642334,163.60735943408923,178.2440696923341,True
2026-01-22 08:00:00,32.73801962026435,56.86527077947647,28.5491978270598,3.9944024117656562,618.7820980254259,309.4873409192012,309.29475710622467,True
2026-01-22 09:00:00,28.699376644701278,68.45658630990306,33.22001011021263,2.8738402870683037,667.7998988978738,312.16969347760727,355.6302054202666,True
2026-01-22 10:00:00,35.26139541909574,46.546554615661655,33.29812814912947,1.5816421450109959,577.6551550282803,269.7147608728377,307.9403941554426,True
2026-01-22 11:00:00,33.41943540774623,56.429615755045276,14.614510252405523,4.208948175144782,426.9274487379723,255.17386508027957,171.75358365769276,True
2026-01-22 12:00:00,35.62024410163681,48.072478552213205,12.36204063898009,2.8382045588492995,1.0732554641527886e-13,6.584054312599025e-14,4.1485003289288615e-14,True
2026-01-22 13:00:00,35.29282524765053,50.9389603603702,24.217930850390246,3.9711380667399316,0.0,0.0,0.0,True
2026-01-22 14:00:00,33.18011217053514,51.94085522551053,28.28097841458407,3.6543576433663154,0.0,0.0,0.0,True
2026-01-22 15:00:00,33.92211965849549,46.271836398587865,11.106141767231975,3.739842504111704,0.0,0.0,0.0,True
2026-01-22 16:00:00,27.989418261323713,60.06709549182491,22.345820707492123,4.809009070085439,0.0,0.0,0.0,True
2026-01-22 17:00:00,30.45717482832738,59.693999335247916,32.97567889334459,3.5547430619237748,0.0,0.0,0.0,True
2026-01-22 18:00:00,28.700338111848627,60.99745826331248,43.37349660552985,6.371014856206228,0.0,0.0,0.0,True
2026-01-22 19:00:00,24.060587776206283,72.86939689838432,45.31880311315979,5.113805006589507,0.0,0.0,0.0,False
2026-01-22 20:00:00,26.193788782884216,63.358436479177534,50.406917509391235,1.9342940088058116,0.0,0.0,0.0,False
2026-01-22 21:00:00,19.778411145945146,77.95985509968556,55.51021726752174,4.9337554334627844,0.0,0.0,0.0,False
2026-01-22 22:00:00,17.606652217066262,86.5011039033837,56.09428732763513,5.407850871439432,0.0,0.0,0.0,False
2026-01-22 23:00:00,18.056909645155457,83.92828480055474,58.313789646873545,5.183479479274833,0.0,0.0,0.0,False
2026-01-23 00:00:00,14.550707932782155,95.0,68.25217730569801,0.7628023666042281,-0.0,-0.0,0.0,False
2026-01-23 01:00:00,15.239666423494803,92.33792996938955,67.13472365427384,2.59649343567729,-0.0,-0.0,0.0,False
2026-01-23 02:00:00,23.59687060218719,71.45587053229698,61.600747530089336,2.494858041585049,-0.0,-0.0,0.0,False
2026-01-23 03:00:00,20.84029779648501,79.06295719536344,65.69229921912296,3.6274588457563812,-0.0,-0.0,0.0,False
2026-01-23 04:00:00,26.19940948903396,66.15183376367882,69.89812805825494,2.6420710946429717,-0.0,-0.0,0.0,False
2026-01-23 05:00:00,24.480194703870723,77.5156184306062,81.06879059679665,3.3134556756617806,-0.0,-0.0,0.0,False
2026-01-23 06:00:00,27.22388973646217,61.780252212155396,78.30788939447484,1.7660299144879636,0.0,0.0,0.0,True
2026-01-23 07:00:00,24.29091486354882,66.76633929980785,68.05004789810732,1.976977041259138,159.74976050946339,35.72798037596327,124.02178013350012,True
2026-01-23 08:00:00,30.20861713863672,55.2556223579378,59.19062610408207,2.925233448692675,353.4195450640245,100.95981249650093,252.45973256752353,True
2026-01-23 09:00:00,32.38720471658338,55.15823721036079,62.958490636327554,2.0910992384906795,370.41509363672446,96.04513911573234,274.3699545209921,True
2026-01-23 10:00:00,33.591370956254316,61.92719675042672,59.21248479369268,3.92584882203042,353.23024325906226,100.85168742779643,252.37855583126583,True
2026-01-23 11:00:00,36.166878455145564,52.76597656120423,52.435638650984004,3.303385218027051,237.82180674507995,79.18289646889183,158.63891027618814,True
2026-01-23 12:00:00,39.23386715433786,41.520389230498466,56.9828534254608,5.106684754537106,5.268081086096196e-14,1.586324713730104e-14,3.6817563723660925e-14,True
2026-01-23 13:00:00,35.568925338699984,40.2675500753769,60.428819070434656,3.417491411985449,0.0,0.0,0.0,True
2026-01-23 14:00:00,32.06381005482781,55.61380922498646,56.10512725795786,4.084646150059845,0.0,0.0,0.0,True
2026-01-23 15:00:00,31.586534546293294,59.84817546959234,54.39048176608975,2.891099520921834,0.0,0.0,0.0,True
2026-01-23 16:00:00,32.34234970692583,66.22263729695372,56.63506279224322,4.419182408868031,0.0,0.0,0.0,True
2026-01-23 17:00:00,26.785537341157443,62.38831466256919,50.87244261835173,2.368237955812428,0.0,0.0,0.0,True
2026-01-23 18:00:00,25.811048382588723,64.41979130328698,62.68639261788718,4.526790994640645,0.0,0.0,0.0,True
2026-01-23 19:00:00,21.729440789440496,80.09392652242315,60.44593559603857,4.685130223022528,0.0,0.0,0.0,False
2026-01-23 20:00:00,24.881035072218733,70.00081400343785,51.027222981454884,4.515269210691393,0.0,0.0,0.0,False
2026-01-23 21:00:00,18.05367464686897,81.91253457981705,41.26139942577481,4.779873272870369,0.0,0.0,0.0,False
2026-01-23 22:00:00,20.14801979078617,80.07669486662354,15.196749745982288,4.680506788497756,0.0,0.0,0.0,False
2026-01-23 23:00:00,24.31111460374128,58.12582282574231,25.625347326772726,5.262637095056591,0.0,0.0,0.0,False
2026-01-24 00:00:00,18.12492297344794,81.1245700328347,5.833661837846421,3.330670434419119,-0.0,-0.0,0.0,False
2026-01-24 01:00:00,15.752512714827285,91.02774127146994,98.32250419926953,2.5236883150871323,-0.0,-0.0,0.0,False
2026-01-24 02:00:00,19.517364089589577,72.45962101460162,4.363717588603208,0.8991613002209935,-0.0,-0.0,0.0,False
2026-01-24 03:00:00,19.199129491535537,86.2685302368292,16.54007503089059,2.729034791229867,-0.0,-0.0,0.0,False
2026-01-24 04:00:00,25.064692649070217,64.71936898863278,26.123125049772568,4.054438167039773,-0.0,-0.0,0.0,False
2026-01-24 05:00:00,25.16449849499306,68.59964822746728,22.1559022516131,3.1509811104078493,-0.0,-0.0,0.0,False
2026-01-24 06:00:00,27.566513437749816,68.12104574929793,34.575385143808205,2.647967565858897,0.0,0.0,0.0,True
2026-01-24 07:00:00,27.62303329013356,62.187066498281425,26.093136053729836,2.1358625053093316,369.53431973135076,191.17785884303706,178.3564608883137,True
2026-01-24 08:00:00,31.01946847426028,63.30352751298893,6.751391264072822,3.3566118409142427,807.5566403286846,527.1247323027657,280.4319080259189,True
2026-01-24 09:00:00,32.67626177182426,54.04151311618439,19.3238164020878,0.46441437068503477,806.761835979122,455.60526199468256,351.15657398443943,True
2026-01-24 10:00:00,33.834278489416505,56.976541311360634,12.607105130381001,2.984711299107266,756.8446706735281,462.99992715762136,293.8447435159067,True
2026-01-24 11:00:00,34.23697000109068,52.68120422556211,15.226690293916135,3.291531975510823,423.86654853041927,251.5279913483264,172.33855718209287,True
2026-01-24 12:00:00,35.355912083858485,57.01185983258182,13.726415231586031,2.820327929659137,1.0565466943760602e-13,6.380644955932842e-14,4.18482198782776e-14,True
2026-01-24 13:00:00,30.009766539627595,53.71515748485385,94.19766570004191,3.190528705670422,0.0,0.0,0.0,True
2026-01-24 14:00:00,32.383976804159396,58.23837812877669,99.50868238484242,4.722435643298596,0.0,0.0,0.0,True
2026-01-24 15:00:00,32.89287012968354,59.899758418665805,2.334780997939845,4.867667878786888,0.0,0.0,0.0,True
2026-01-24 16:00:00,31.49023327072535,51.915255950354805,96.10413657192089,5.353105549376577,0.0,0.0,0.0,True
2026-01-24 17:00:00,28.70129544390131,59.170453938032686,93.54388466157042,6.218800616982682,0.0,0.0,0.0,True
2026-01-24 18:00:00,24.97005683853723,78.85938678589976,6.13268450970827,3.670489440393006,0.0,0.0,0.0,True
2026-01-24 19:00:00,29.25102031617455,56.25799527944724,12.210132119066543,7.565046781999504,0.0,0.0,0.0,False
2026-01-24 20:00:00,20.942230469950864,76.10992856710592,10.685765680061252,3.570023193649342,0.0,0.0,0.0,False
2026-01-24 21:00:00,19.223190370686684,85.9801331702947,11.59735668029549,5.301292632356497,0.0,0.0,0.0,False
2026-01-24 22:00:00,21.833352427733708,86.22549107340853,8.114723757767877,4.689223074800246,0.0,0.0,0.0,False
2026-01-24 23:00:00,20.043357441966016,76.72353681237436,40.902421901018215,5.391216841922314,0.0,0.0,0.0,False
2026-01-25 00:00:00,18.637457171042758,84.20413359427889,46.71765046225357,0.9508407310434499,-0.0,-0.0,0.0,False
2026-01-25 01:00:00,15.554289488502594,90.69190250870108,55.331106085838314,2.7490710612506133,-0.0,-0.0,0.0,False
2026-01-25 02:00:00,21.498218239738655,77.93665109822231,45.098506233377236,1.4997379055037787,-0.0,-0.0,0.0,False
2026-01-25 03:00:00,19.175568153907523,74.4215519169075,29.579469541449555,2.566652588648854,-0.0,-0.0,0.0,False
2026-01-25 04:00:00,21.055865220348803,70.32130652860472,31.191054643905375,3.416809505291965,-0.0,-0.0,0.0,False
2026-01-25 05:00:00,25.670891765275176,67.41617937497674,32.8767439953146,3.2840128064664,-0.0,-0.0,0.0,False
2026-01-25 06:00:00,26.437795775976213,68.87867175488215,39.53538706712186,3.1342993371722314,0.0,0.0,0.0,True
2026-01-25 07:00:00,31.26892217855937,57.696671493199624,28.65465495666075,1.3868664150898344,356.7267252166962,178.1555390773596,178.5711861393366,True
2026-01-25 08:00:00,30.35676990361524,67.15368634598424,39.25811205110659,1.0651560678076162,526.0401803756954,223.66871585097314,302.3714645247222,True
2026-01-25 09:00:00,30.297991510519793,61.412349333655584,30.40775230482086,3.2356413091131544,695.9224769517913,339.01566574870157,356.9068112030897,True
2026-01-25 10:00:00,33.990091298514784,46.45618738544873,35.71691267828788,4.2071739403225585,556.7078665429607,250.50830278365638,306.1995637593043,True
2026-01-25 11:00:00,36.996370821359,41.03654408217693,26.99879483352362,3.773557352363722,365.00602583238185,186.5211584515292,178.48486738085265,True
2026-01-25 12:00:00,34.15682317184787,39.852966342650795,18.460552570478967,4.346528113842227,9.985702329880682e-14,5.69960055121906e-14,4.286101778661622e-14,True
2026-01-25 13:00:00,35.65046404518153,46.89318644017697,14.543655235405026,4.713680770147094,0.0,0.0,0.0,True
2026-01-25 14:00:00,36.77571412313908,46.27981566969345,8.27932749558289,4.754486303070547,0.0,0.0,0.0,True
2026-01-25 15:00:00,28.5890128342042,58.574642178784785,11.560013854325348,4.597963678669717,0.0,0.0,0.0,True
2026-01-25 16:00:00,30.422467771321173,55.70217192732982,32.94165009061595,3.0337920686146935,0.0,0.0,0.0,True
2026-01-25 17:00:00,32.912445472651726,59.577212634065226,27.123806370512966,3.5047011352002033,0.0,0.0,0.0,True
2026-01-25 18:00:00,25.79868602960453,71.42962364895581,13.098634099507194,4.028028236677227,0.0,0.0,0.0,True
2026-01-25 19:00:00,28.6541378582009,65.52622506760373,89.22025178892773,4.230092427353597,0.0,0.0,0.0,False
2026-01-25 20:00:00,21.97558755373772,64.75338101287949,97.05067720831659,5.750324687209135,0.0,0.0,0.0,False
2026-01-25 21:00:00,18.813806646864652,78.86724115454756,97.78034479363248,6.131130143736196,0.0,0.0,0.0,False
2026-01-25 22:00:00,23.369490826503817,69.41478935110743,78.79329076489614,3.817301645562371,0.0,0.0,0.0,False
2026-01-25 23:00:00,20.316520999081472,81.14654199492531,84.6150968926724,7.034547114051908,0.0,0.0,0.0,False
2026-01-26 00:00:00,17.806714103423023,89.64236025596105,89.474818838906,3.7125355179920776,-0.0,-0.0,0.0,False
2026-01-26 01:00:00,21.74399002806376,75.99610889757705,87.89583725709957,2.6853998702815174,-0.0,-0.0,0.0,False
2026-01-26 02:00:00,22.50105772578696,76.07357692037777,83.83502261130843,2.3237175141392847,-0.0,-0.0,0.0,False
2026-01-26 03:00:00,22.043639598802514,70.72754564992023,67.29572286049171,2.9904888701124746,-0.0,-0.0,0.0,False
2026-01-26 04:00:00,27.482843394191168,69.44887577835273,57.15142805483549,3.9374351142573123,-0.0,-0.0,0.0,False
2026-01-26 05:00:00,28.300619989168087,68.97878616579058,62.41342080736814,1.2623323004816116,-0.0,-0.0,0.0,False
2026-01-26 06:00:00,27.733124024776114,60.93031490029143,71.64075965852817,2.5123395051758983,0.0,0.0,0.0,True
2026-01-26 07:00:00,32.97123729032421,53.213743514767,84.18669289285634,1.7315128117807672,79.06653553571827,8.752123858269401,70.31441167744887,True
2026-01-26 08:00:00,30.999212143569594,54.81287419202024,87.55650481031711,4.030645171102613,107.76382946134845,9.38671085466868,98.37711860667977,True
2026-01-26 09:00:00,34.03585064128763,57.80690868916166,76.206613611553,2.7653223060730867,237.93386388447004,39.62876650809547,198.3050973763746,True
2026-01-26 10:00:00,34.433563120735464,48.580582343841655,82.78906396109414,3.95525320926746,149.05107832601593,17.957160029193048,131.0939182968229,True
2026-01-26 11:00:00,39.06698613883672,47.629909814162936,82.77251056955663,3.040961247453933,86.13744715221685,10.387523722661332,75.74992342955552,True
2026-01-26 12:00:00,33.34183310959326,55.73390861898102,90.6648156464845,4.637620220581866,1.1432303637983214e-14,7.470586343215747e-16,1.0685245003661639e-14,True
2026-01-26 13:00:00,37.73364974592736,48.82798214552837,87.68314956516133,4.808196007139598,0.0,0.0,0.0,True
2026-01-26 14:00:00,32.94536757867315,66.52202025534379,98.94194345452235,3.933698119956565,0.0,0.0,0.0,True
2026-01-26 15:00:00,28.108179766660314,66.67711178044588,4.329302072468465,3.504979001592666,0.0,0.0,0.0,True
2026-01-26 16:00:00,29.925990312490434,66.92004938487632,98.33507841805408,4.535687002036987,0.0,0.0,0.0,True
2026-01-26 17:00:00,26.83741676800892,67.79447095346258,2.8554156604563445,2.36294018680902,0.0,0.0,0.0,True
2026-01-26 18:00:00,29.122161294642183,54.3803056068422,99.34895572280584,4.939453269607703,0.0,0.0,0.0,True
2026-01-26 19:00:00,27.77361484532871,56.163858563660284,91.31169749581034,5.192328711748427,0.0,0.0,0.0,False
2026-01-26 20:00:00,20.333904435270206,82.15536653281075,91.9529398171307,4.300556596334802,0.0,0.0,0.0,False
2026-01-26 21:00:00,18.19073447392631,83.57642297213046,81.55621534026744,3.9810530879641766,0.0,0.0,0.0,False
2026-01-26 22:00:00,20.967588406237887,79.13012682564893,90.22732887926821,3.557114747445966,0.0,0.0,0.0,False
2026-01-26 23:00:00,21.713594052631542,80.31315616893365,98.6251345182493,6.354035375591653,0.0,0.0,0.0,False
2026-01-27 00:00:00,16.64304123897275,90.81423772622261,12.58462806307358,1.6615081330078396,-0.0,-0.0,0.0,False
2026-01-27 01:00:00,19.485291513733298,72.82995015846501,11.076969805358715,1.6491613798224791,-0.0,-0.0,0.0,False
2026-01-27 02:00:00,17.161681347540764,95.0,8.23569658715968,0.7917397489490889,-0.0,-0.0,0.0,False
2026-01-27 03:00:00,22.80074330433235,71.95618308528465,89.69240861608586,2.9672642974826986,-0.0,-0.0,0.0,False
2026-01-27 04:00:00,29.232492757468535,57.6576517837103,78.57436148761406,2.7924987916176485,-0.0,-0.0,0.0,False
2026-01-27 05:00:00,20.681538096128108,74.0497586148906,92.34928315662728,4.0654214648727605,-0.0,-0.0,0.0,False
2026-01-27 06:00:00,29.428684371292555,70.18433682449985,78.57400925807093,3.032153131264489,0.0,0.0,0.0,True
2026-01-27 07:00:00,30.8119827876425,51.942404128572385,70.87100347691529,1.5258781375353694,145.64498261542352,29.69744534546583,115.94753726995768,True
2026-01-27 08:00:00,32.53507789565316,56.2867904093112,74.8363178898905,4.501319024403797,217.92387960110838,38.38637061338848,179.5375089877199,True
2026-01-27 09:00:00,33.47294458057061,49.79893864553001,57.88843317429604,4.396843775122756,421.1156682570396,124.13688423610112,296.97878402093846,True
2026-01-27 10:00:00,33.186701073289,60.00909514029976,60.268565423107646,2.709451685788167,344.08431672388207,95.69674463194741,248.38757209193466,True
2026-01-27 11:00:00,33.648111385944866,50.530086984221484,68.69211705922095,3.6113546407298394,156.53941470389523,34.30642369817333,122.2329910057219,True
2026-01-27 12:00:00,34.34242877562394,53.178085934867546,49.25636380755947,3.624960409574601,6.21430316401701e-14,2.2073543726108788e-14,4.006948791406131e-14,True
2026-01-27 13:00:00,35.164500352963636,44.78501307573787,38.776455476856825,4.497783892626073,0.0,0.0,0.0,True
2026-01-27 14:00:00,32.348922377643646,54.31523187439662,39.17759000204251,4.029250371288094,0.0,0.0,0.0,True
2026-01-27 15:00:00,34.11703417487977,48.564702809044505,32.41324228480323,3.8445435607671103,0.0,0.0,0.0,True
2026-01-27 16:00:00,34.952677954418505,45.627546415520655,48.65982524686535,4.461228904836324,0.0,0.0,0.0,True
2026-01-27 17:00:00,31.848016578051222,62.59970906351161,62.570637881946766,3.998915250386498,0.0,0.0,0.0,True
2026-01-27 18:00:00,22.185217363429075,68.5538688963514,67.38196537226685,4.1260505570158825,0.0,0.0,0.0,True
2026-01-27 19:00:00,23.840728192678988,74.0898325156551,71.94377309720545,4.757185993253338,0.0,0.0,0.0,False
2026-01-27 20:00:00,25.708933396592666,71.94829973877668,61.43229909380699,4.496433270872756,0.0,0.0,0.0,False
2026-01-27 21:00:00,23.545283086192423,77.64828451068642,56.94108100059441,3.0167919455944046,0.0,0.0,0.0,False
2026-01-27 22:00:00,22.71038102663815,85.42508811976731,53.44046823484945,4.284750902922662,0.0,0.0,0.0,False
2026-01-27 23:00:00,21.66526898894706,77.1761544913904,40.31778005476485,4.835300892838144,0.0,0.0,0.0,False
2026-01-28 00:00:00,16.534034010817482,88.1981098665948,40.92500629743898,3.4571928715605686,-0.0,-0.0,0.0,False
2026-01-28 01:00:00,19.360178787044564,88.63057240357898,37.115541378796706,0.0,-0.0,-0.0,0.0,False
2026-01-28 02:00:00,19.84792069908884,76.70237399808735,28.360686913686436,0.8504367675817115,-0.0,-0.0,0.0,False
2026-01-28 03:00:00,19.722025029501598,92.06315457077196,38.408848842532166,3.005800156127917,-0.0,-0.0,0.0,False
2026-01-28 04:00:00,24.841906232643375,75.25350257682187,30.03139113991483,4.952987625086344,-0.0,-0.0,0.0,False
2026-01-28 05:00:00,23.96146739511426,72.3228497525221,28.47150455564764,1.5030089504804214,-0.0,-0.0,0.0,False
2026-01-28 06:00:00,27.5978297091534,62.77805722265263,18.97873752109524,3.9917376117882437,0.0,0.0,0.0,True
2026-01-28 07:00:00,28.334420021869093,74.98766047415992,28.75059665475021,3.1634484570103516,356.2470167262489,177.6767116968932,178.5703050293557,True
2026-01-28 08:00:00,36.02833325459883,48.82383042004059,35.352325232421265,4.2338877935009425,559.8652864431743,253.3579226614495,306.50736378172485,True
2026-01-28 09:00:00,34.85731130100139,55.68826890691402,41.202464601901,4.339826713422866,587.97535398099,242.00051182234935,345.9748421586406,True
2026-01-28 10:00:00,35.74339501254809,44.87517583623397,46.82448806245338,4.225788704494779,460.51344197158045,171.4162662167232,289.0971757548573,True
2026-01-28 11:00:00,32.84003674592765,46.719022075382625,47.21612134609762,1.7316556667152143,263.91939326951183,97.51482460124616,166.40456866826565,True
2026-01-28 12:00:00,33.877728847598156,57.21097536877819,39.53710286352208,2.8530723287711663,7.404569344536336e-14,3.1339120023303276e-14,4.2706573422060085e-14,True
2026-01-28 13:00:00,35.82783480914468,55.733816654466075,44.92383009555715,2.95321937369674,0.0,0.0,0.0,True
2026-01-28 14:00:00,36.75079869247319,46.087785141682076,33.705137112280795,3.6705114037225615,0.0,0.0,0.0,True
2026-01-28 15:00:00,33.545555572128606,48.01050436503286,56.86006772524348,5.316412851464735,0.0,0.0,0.0,True
2026-01-28 16:00:00,33.74447820275177,57.98665854258208,64.56324393157428,4.396322902627697,0.0,0.0,0.0,True
2026-01-28 17:00:00,29.292513544732653,58.797190261820205,71.34310053508,4.216594947862457,0.0,0.0,0.0,True
2026-01-28 18:00:00,29.65957970942135,63.760548865165525,85.22005206735525,4.62414540243238,0.0,0.0,0.0,True
2026-01-28 19:00:00,25.97914584346321,78.08330585590663,68.20442025953213,4.286673150407092,0.0,0.0,0.0,False
2026-01-28 20:00:00,22.936277266943893,73.25147557619131,53.36852765015442,2.7254587161126973,0.0,0.0,0.0,False
2026-01-28 21:00:00,22.492464595169324,79.56401468109637,56.238668004085866,5.09783680610012,0.0,0.0,0.0,False
2026-01-28 22:00:00,20.75666006920704,74.09777338484062,45.56802097952544,3.9579806585138875,0.0,0.0,0.0,False
2026-01-28 23:00:00,19.76927584032516,79.66208872175014,57.88577772884503,4.274332774500125,0.0,0.0,0.0,False
